NUMBER; DRIVER_NUMBER; LAP_NUMBER; LAP_TIME; LAP_IMPROVEMENT; CROSSING_FINISH_LINE_IN_PIT; S1; S1_IMPROVEMENT; S2; S2_IMPROVEMENT; S3; S3_IMPROVEMENT; KPH; ELAPSED; HOUR;S1_LARGE;S2_LARGE;S3_LARGE;TOP_SPEED;DRIVER_NAME;PIT_TIME;CLASS;GROUP;TEAM;MANUFACTURER;
1;0;1;1:57.694;0;;1:00.038;0;35.138;0;22.518;0;64.0;1:57.694;08:16;1:00.038;0:35.138;0:22.518;;Nelson PIQUET JR;0:00:48.164;;;NEXTEV TCR Formula E Team;;
1;0;2;1:09.536;0;;18.792;0;30.549;0;20.195;0;108.3;3:07.230;08:18;0:18.792;0:30.549;0:20.195;;Nelson PIQUET JR;;;;NEXTEV TCR Formula E Team;;
1;0;3;1:08.262;0;;18.448;0;29.466;0;20.348;0;110.3;4:15.492;08:19;0:18.448;0:29.466;0:20.348;;Nelson PIQUET JR;;;;NEXTEV TCR Formula E Team;;
1;0;4;1:07.104;0;;18.085;0;29.034;0;19.985;0;112.2;5:22.596;08:20;0:18.085;0:29.034;0:19.985;;Nelson PIQUET JR;;;;NEXTEV TCR Formula E Team;;
1;0;5;1:09.173;0;;18.001;0;31.402;0;19.770;0;108.9;6:31.769;08:21;0:18.001;0:31.402;0:19.770;;Nelson PIQUET JR;;;;NEXTEV TCR Formula E Team;;
1;0;6;1:13.457;0;;17.861;0;35.666;0;19.930;0;102.5;7:45.226;08:22;0:17.861;0:35.666;0:19.930;;Nelson PIQUET JR;;;;NEXTEV TCR Formula E Team;;
1;0;7;1:07.345;0;;17.746;0;29.611;0;19.988;0;111.8;8:52.571;08:23;0:17.746;0:29.611;0:19.988;;Nelson PIQUET JR;;;;NEXTEV TCR Formula E Team;;
1;0;8;1:06.896;0;;17.852;0;29.075;0;19.969;0;112.6;9:59.467;08:24;0:17.852;0:29.075;0:19.969;;Nelson PIQUET JR;;;;NEXTEV TCR Formula E Team;;
1;0;9;1:06.563;0;;17.793;0;28.900;0;19.870;0;113.1;11:06.030;08:26;0:17.793;0:28.900;0:19.870;;Nelson PIQUET JR;;;;NEXTEV TCR Formula E Team;;
1;0;10;1:06.330;0;;17.757;0;28.764;0;19.809;0;113.5;12:12.360;08:27;0:17.757;0:28.764;0:19.809;;Nelson PIQUET JR;;;;NEXTEV TCR Formula E Team;;
1;0;11;1:06.750;0;;17.693;0;29.047;0;20.010;0;112.8;13:19.110;08:28;0:17.693;0:29.047;0:20.010;;Nelson PIQUET JR;;;;NEXTEV TCR Formula E Team;;
1;0;12;1:08.258;0;;17.792;0;30.407;0;20.059;0;110.3;14:27.368;08:29;0:17.792;0:30.407;0:20.059;;Nelson PIQUET JR;;;;NEXTEV TCR Formula E Team;;
1;0;13;1:06.985;0;;17.795;0;28.971;0;20.219;0;112.4;15:34.353;08:30;0:17.795;0:28.971;0:20.219;;Nelson PIQUET JR;;;;NEXTEV TCR Formula E Team;;
1;0;14;1:11.393;0;B;17.830;0;28.930;0;24.633;0;105.5;16:45.746;08:31;0:17.830;0:28.930;0:24.633;;Nelson PIQUET JR;;;;NEXTEV TCR Formula E Team;;
1;0;15;8:37.898;0;;7:46.547;0;31.001;0;20.350;0;14.5;25:23.644;08:40;7:46.547;0:31.001;0:20.350;;Nelson PIQUET JR;0:07:40.638;;;NEXTEV TCR Formula E Team;;
1;0;16;1:06.439;0;;17.927;0;28.943;0;19.569;2;113.4;26:30.083;08:41;0:17.927;0:28.943;0:19.569;;Nelson PIQUET JR;;;;NEXTEV TCR Formula E Team;;
1;0;17;1:05.406;2;;17.201;2;28.516;2;19.689;0;115.1;27:35.489;08:42;0:17.201;0:28.516;0:19.689;;Nelson PIQUET JR;;;;NEXTEV TCR Formula E Team;;
1;0;18;1:08.062;0;;19.157;0;29.080;0;19.825;0;110.7;28:43.551;08:43;0:19.157;0:29.080;0:19.825;;Nelson PIQUET JR;;;;NEXTEV TCR Formula E Team;;
1;0;19;1:06.371;0;;17.720;0;28.788;0;19.863;0;113.5;29:49.922;08:44;0:17.720;0:28.788;0:19.863;;Nelson PIQUET JR;;;;NEXTEV TCR Formula E Team;;
1;0;20;1:06.641;0;;17.878;0;28.841;0;19.922;0;113.0;30:56.563;08:45;0:17.878;0:28.841;0:19.922;;Nelson PIQUET JR;;;;NEXTEV TCR Formula E Team;;
1;0;21;1:06.916;0;;17.771;0;29.248;0;19.897;0;112.5;32:03.479;08:47;0:17.771;0:29.248;0:19.897;;Nelson PIQUET JR;;;;NEXTEV TCR Formula E Team;;
1;0;22;1:10.484;0;;18.559;0;31.511;0;20.414;0;106.8;33:13.963;08:48;0:18.559;0:31.511;0:20.414;;Nelson PIQUET JR;;;;NEXTEV TCR Formula E Team;;
1;0;23;1:08.252;0;;18.073;0;30.057;0;20.122;0;110.3;34:22.215;08:49;0:18.073;0:30.057;0:20.122;;Nelson PIQUET JR;;;;NEXTEV TCR Formula E Team;;
1;0;24;2:10.810;0;B;30.820;0;56.984;0;43.006;0;57.6;36:33.025;08:51;0:30.820;0:56.984;0:43.006;;Nelson PIQUET JR;;;;NEXTEV TCR Formula E Team;;
1;0;25;2:37.781;0;;1:44.690;0;32.231;0;20.860;0;47.7;39:10.806;08:54;1:44.690;0:32.231;0:20.860;;Nelson PIQUET JR;0:01:39.316;;;NEXTEV TCR Formula E Team;;
1;0;26;1:08.995;0;;19.122;0;29.624;0;20.249;0;109.2;40:19.801;08:55;0:19.122;0:29.624;0:20.249;;Nelson PIQUET JR;;;;NEXTEV TCR Formula E Team;;
1;0;27;1:07.979;0;;18.187;0;29.644;0;20.148;0;110.8;41:27.780;08:56;0:18.187;0:29.644;0:20.148;;Nelson PIQUET JR;;;;NEXTEV TCR Formula E Team;;
1;0;28;1:07.005;0;;18.005;0;29.029;0;19.971;0;112.4;42:34.785;08:57;0:18.005;0:29.029;0:19.971;;Nelson PIQUET JR;;;;NEXTEV TCR Formula E Team;;
1;0;29;1:07.081;0;;18.016;0;29.050;0;20.015;0;112.3;43:41.866;08:58;0:18.016;0:29.050;0:20.015;;Nelson PIQUET JR;;;;NEXTEV TCR Formula E Team;;
1;0;30;1:07.322;0;;18.160;0;29.144;0;20.018;0;111.9;44:49.188;08:59;0:18.160;0:29.144;0:20.018;;Nelson PIQUET JR;;;;NEXTEV TCR Formula E Team;;
1;0;31;1:07.395;0;;18.115;0;29.204;0;20.076;0;111.7;45:56.583;09:00;0:18.115;0:29.204;0:20.076;;Nelson PIQUET JR;;;;NEXTEV TCR Formula E Team;;
11;0;1;1:19.780;0;;26.805;0;31.822;0;21.153;0;94.4;1:19.780;08:16;0:26.805;0:31.822;0:21.153;;Lucas DI GRASSI;0:00:15.698;;;ABT Schaeffler Audi Sport;;
11;0;2;1:10.691;0;;18.923;0;30.973;0;20.795;0;106.5;2:30.471;08:17;0:18.923;0:30.973;0:20.795;;Lucas DI GRASSI;;;;ABT Schaeffler Audi Sport;;
11;0;3;1:11.611;0;;18.567;0;32.404;0;20.640;0;105.2;3:42.082;08:18;0:18.567;0:32.404;0:20.640;;Lucas DI GRASSI;;;;ABT Schaeffler Audi Sport;;
11;0;4;1:06.865;0;;18.026;0;28.894;0;19.945;0;112.6;4:48.947;08:19;0:18.026;0:28.894;0:19.945;;Lucas DI GRASSI;;;;ABT Schaeffler Audi Sport;;
11;0;5;1:06.177;0;;17.768;0;28.628;0;19.781;0;113.8;5:55.124;08:20;0:17.768;0:28.628;0:19.781;;Lucas DI GRASSI;;;;ABT Schaeffler Audi Sport;;
11;0;6;1:06.408;0;;17.829;0;28.707;0;19.872;0;113.4;7:01.532;08:22;0:17.829;0:28.707;0:19.872;;Lucas DI GRASSI;;;;ABT Schaeffler Audi Sport;;
11;0;7;1:06.328;0;;17.943;0;28.744;0;19.641;0;113.5;8:07.860;08:23;0:17.943;0:28.744;0:19.641;;Lucas DI GRASSI;;;;ABT Schaeffler Audi Sport;;
11;0;8;1:09.770;0;;17.653;0;31.350;0;20.767;0;107.9;9:17.630;08:24;0:17.653;0:31.350;0:20.767;;Lucas DI GRASSI;;;;ABT Schaeffler Audi Sport;;
11;0;9;1:06.169;0;;17.690;0;28.845;0;19.634;0;113.8;10:23.799;08:25;0:17.690;0:28.845;0:19.634;;Lucas DI GRASSI;;;;ABT Schaeffler Audi Sport;;
11;0;10;1:06.736;0;;17.612;2;29.125;0;19.999;0;112.9;11:30.535;08:26;0:17.612;0:29.125;0:19.999;;Lucas DI GRASSI;;;;ABT Schaeffler Audi Sport;;
11;0;11;1:06.589;0;;17.669;0;28.776;0;20.144;0;113.1;12:37.124;08:27;0:17.669;0:28.776;0:20.144;;Lucas DI GRASSI;;;;ABT Schaeffler Audi Sport;;
11;0;12;1:06.525;0;;17.719;0;28.865;0;19.941;0;113.2;13:43.649;08:28;0:17.719;0:28.865;0:19.941;;Lucas DI GRASSI;;;;ABT Schaeffler Audi Sport;;
11;0;13;1:12.920;0;B;18.426;0;30.046;0;24.448;0;103.3;14:56.569;08:29;0:18.426;0:30.046;0:24.448;;Lucas DI GRASSI;;;;ABT Schaeffler Audi Sport;;
11;0;14;7:51.726;0;;7:02.148;0;29.811;0;19.767;0;16.0;22:48.295;08:37;7:02.148;0:29.811;0:19.767;;Lucas DI GRASSI;0:06:57.123;;;ABT Schaeffler Audi Sport;;
11;0;15;1:07.278;0;;17.929;0;29.169;0;20.180;0;111.9;23:55.573;08:38;0:17.929;0:29.169;0:20.180;;Lucas DI GRASSI;;;;ABT Schaeffler Audi Sport;;
11;0;16;1:08.100;0;;18.507;0;29.586;0;20.007;0;110.6;25:03.673;08:40;0:18.507;0:29.586;0:20.007;;Lucas DI GRASSI;;;;ABT Schaeffler Audi Sport;;
11;0;17;1:07.092;0;;18.256;0;28.896;0;19.940;0;112.3;26:10.765;08:41;0:18.256;0:28.896;0:19.940;;Lucas DI GRASSI;;;;ABT Schaeffler Audi Sport;;
11;0;18;1:24.690;0;B;18.342;0;28.909;0;37.439;0;88.9;27:35.455;08:42;0:18.342;0:28.909;0:37.439;;Lucas DI GRASSI;;;;ABT Schaeffler Audi Sport;;
11;0;19;14:50.928;0;;14:00.787;0;29.230;0;20.911;0;8.5;42:26.383;08:57;14:00.787;0:29.230;0:20.911;;Lucas DI GRASSI;0:13:59.316;;;ABT Schaeffler Audi Sport;;
11;0;20;1:06.910;0;;17.809;0;28.686;0;20.415;0;112.6;43:33.293;08:58;0:17.809;0:28.686;0:20.415;;Lucas DI GRASSI;;;;ABT Schaeffler Audi Sport;;
11;0;21;1:05.287;2;;17.642;0;28.387;2;19.258;2;115.4;44:38.580;08:59;0:17.642;0:28.387;0:19.258;;Lucas DI GRASSI;;;;ABT Schaeffler Audi Sport;;
11;0;22;1:18.576;0;;18.021;0;28.462;0;32.093;0;95.8;45:57.156;09:00;0:18.021;0:28.462;0:32.093;;Lucas DI GRASSI;;;;ABT Schaeffler Audi Sport;;
12;0;1;2:01.620;0;;1:08.485;0;32.638;0;20.497;0;61.9;2:01.620;08:17;1:08.485;0:32.638;0:20.497;;Mike CONWAY;0:00:58.032;;;Venturi Formula E Team;;
12;0;2;1:08.711;0;;18.948;0;30.024;0;19.739;0;109.6;3:10.331;08:18;0:18.948;0:30.024;0:19.739;;Mike CONWAY;;;;Venturi Formula E Team;;
12;0;3;1:07.645;0;;18.373;0;29.620;0;19.652;0;111.3;4:17.976;08:19;0:18.373;0:29.620;0:19.652;;Mike CONWAY;;;;Venturi Formula E Team;;
12;0;4;1:07.829;0;;18.069;0;29.725;0;20.035;0;111.0;5:25.805;08:20;0:18.069;0:29.725;0:20.035;;Mike CONWAY;;;;Venturi Formula E Team;;
12;0;5;1:06.933;0;;17.944;0;29.284;0;19.705;0;112.5;6:32.738;08:21;0:17.944;0:29.284;0:19.705;;Mike CONWAY;;;;Venturi Formula E Team;;
12;0;6;1:06.849;0;;17.740;0;29.324;0;19.785;0;112.7;7:39.587;08:22;0:17.740;0:29.324;0:19.785;;Mike CONWAY;;;;Venturi Formula E Team;;
12;0;7;1:06.705;0;;17.719;0;29.259;0;19.727;0;112.9;8:46.292;08:23;0:17.719;0:29.259;0:19.727;;Mike CONWAY;;;;Venturi Formula E Team;;
12;0;8;1:12.003;0;B;17.921;0;29.394;0;24.688;0;104.6;9:58.295;08:24;0:17.921;0:29.394;0:24.688;;Mike CONWAY;;;;Venturi Formula E Team;;
12;0;9;4:57.615;0;;4:05.030;0;32.552;0;20.033;0;25.3;14:55.910;08:29;4:05.030;0:32.552;0:20.033;;Mike CONWAY;0:03:58.359;;;Venturi Formula E Team;;
12;0;10;1:07.216;0;;18.219;0;29.236;0;19.761;0;112.0;16:03.126;08:31;0:18.219;0:29.236;0:19.761;;Mike CONWAY;;;;Venturi Formula E Team;;
12;0;11;1:06.472;0;;17.924;0;28.938;0;19.610;0;113.3;17:09.598;08:32;0:17.924;0:28.938;0:19.610;;Mike CONWAY;;;;Venturi Formula E Team;;
12;0;12;1:08.731;0;;17.748;0;30.324;0;20.659;0;109.6;18:18.329;08:33;0:17.748;0:30.324;0:20.659;;Mike CONWAY;;;;Venturi Formula E Team;;
12;0;13;1:06.073;0;;17.856;0;28.479;0;19.738;0;114.0;19:24.402;08:34;0:17.856;0:28.479;0:19.738;;Mike CONWAY;;;;Venturi Formula E Team;;
12;0;14;1:07.906;0;;17.643;2;29.438;0;20.825;0;110.9;20:32.308;08:35;0:17.643;0:29.438;0:20.825;;Mike CONWAY;;;;Venturi Formula E Team;;
12;0;15;1:07.220;0;;17.783;0;29.399;0;20.038;0;112.0;21:39.528;08:36;0:17.783;0:29.399;0:20.038;;Mike CONWAY;;;;Venturi Formula E Team;;
12;0;16;1:11.974;0;B;17.868;0;29.007;0;25.099;0;104.6;22:51.502;08:37;0:17.868;0:29.007;0:25.099;;Mike CONWAY;;;;Venturi Formula E Team;;
12;0;17;5:37.773;0;;4:48.692;0;29.394;0;19.687;0;22.3;28:29.275;08:43;4:48.692;0:29.394;0:19.687;;Mike CONWAY;0:04:43.662;;;Venturi Formula E Team;;
12;0;18;1:06.111;0;;17.863;0;28.586;0;19.662;0;113.9;29:35.386;08:44;0:17.863;0:28.586;0:19.662;;Mike CONWAY;;;;Venturi Formula E Team;;
12;0;19;1:05.953;0;;17.659;0;28.693;0;19.601;0;114.2;30:41.339;08:45;0:17.659;0:28.693;0:19.601;;Mike CONWAY;;;;Venturi Formula E Team;;
12;0;20;1:07.382;0;;18.146;0;29.289;0;19.947;0;111.8;31:48.721;08:46;0:18.146;0:29.289;0:19.947;;Mike CONWAY;;;;Venturi Formula E Team;;
12;0;21;1:06.999;0;;17.998;0;29.031;0;19.970;0;112.4;32:55.720;08:47;0:17.998;0:29.031;0:19.970;;Mike CONWAY;;;;Venturi Formula E Team;;
12;0;22;1:07.442;0;;18.120;0;29.484;0;19.838;0;111.7;34:03.162;08:49;0:18.120;0:29.484;0:19.838;;Mike CONWAY;;;;Venturi Formula E Team;;
12;0;23;1:42.722;0;B;18.118;0;41.707;0;42.897;0;73.3;35:45.884;08:50;0:18.118;0:41.707;0:42.897;;Mike CONWAY;;;;Venturi Formula E Team;;
12;0;24;5:05.507;0;;4:13.518;0;31.371;0;20.618;0;24.7;40:51.391;08:55;4:13.518;0:31.371;0:20.618;;Mike CONWAY;0:04:08.578;;;Venturi Formula E Team;;
12;0;25;1:06.595;0;;17.748;0;29.386;0;19.461;0;113.1;41:57.986;08:56;0:17.748;0:29.386;0:19.461;;Mike CONWAY;;;;Venturi Formula E Team;;
12;0;26;1:05.388;2;;17.704;0;28.436;2;19.248;2;115.2;43:03.374;08:58;0:17.704;0:28.436;0:19.248;;Mike CONWAY;;;;Venturi Formula E Team;;
12;0;27;1:05.896;0;;17.732;0;28.685;0;19.479;0;114.3;44:09.270;08:59;0:17.732;0:28.685;0:19.479;;Mike CONWAY;;;;Venturi Formula E Team;;
12;0;28;1:09.073;0;;19.231;0;29.819;0;20.023;0;109.0;45:18.343;09:00;0:19.231;0:29.819;0:20.023;;Mike CONWAY;;;;Venturi Formula E Team;;
2;0;1;1:30.159;0;;33.279;0;34.828;0;22.052;0;83.5;1:30.159;08:16;0:33.279;0:34.828;0:22.052;;Sam BIRD;0:00:20.212;;;DS Virgin Racing Formula E Team;;
2;0;2;1:10.213;0;;18.887;0;30.883;0;20.443;0;107.3;2:40.372;08:17;0:18.887;0:30.883;0:20.443;;Sam BIRD;;;;DS Virgin Racing Formula E Team;;
2;0;3;1:07.525;0;;18.086;0;29.277;0;20.162;0;111.5;3:47.897;08:18;0:18.086;0:29.277;0:20.162;;Sam BIRD;;;;DS Virgin Racing Formula E Team;;
2;0;4;1:06.980;0;;17.784;0;29.107;0;20.089;0;112.4;4:54.877;08:19;0:17.784;0:29.107;0:20.089;;Sam BIRD;;;;DS Virgin Racing Formula E Team;;
2;0;5;1:10.211;0;;18.521;0;30.546;0;21.144;0;107.3;6:05.088;08:21;0:18.521;0:30.546;0:21.144;;Sam BIRD;;;;DS Virgin Racing Formula E Team;;
2;0;6;1:06.624;0;;17.713;0;28.891;0;20.020;0;113.0;7:11.712;08:22;0:17.713;0:28.891;0:20.020;;Sam BIRD;;;;DS Virgin Racing Formula E Team;;
2;0;7;1:11.234;0;;17.577;0;32.477;0;21.180;0;105.7;8:22.946;08:23;0:17.577;0:32.477;0:21.180;;Sam BIRD;;;;DS Virgin Racing Formula E Team;;
2;0;8;1:06.399;0;;17.565;0;28.928;0;19.906;0;113.4;9:29.345;08:24;0:17.565;0:28.928;0:19.906;;Sam BIRD;;;;DS Virgin Racing Formula E Team;;
2;0;9;1:17.550;0;B;17.447;2;33.643;0;26.460;0;97.1;10:46.895;08:25;0:17.447;0:33.643;0:26.460;;Sam BIRD;;;;DS Virgin Racing Formula E Team;;
2;0;10;10:46.758;0;;9:52.357;0;32.893;0;21.508;0;11.6;21:33.653;08:36;9:52.357;0:32.893;0:21.508;;Sam BIRD;0:09:44.057;;;DS Virgin Racing Formula E Team;;
2;0;11;1:10.272;0;;19.057;0;30.713;0;20.502;0;107.2;22:43.925;08:37;0:19.057;0:30.713;0:20.502;;Sam BIRD;;;;DS Virgin Racing Formula E Team;;
2;0;12;1:06.157;0;;17.547;0;28.754;2;19.856;0;113.8;23:50.082;08:38;0:17.547;0:28.754;0:19.856;;Sam BIRD;;;;DS Virgin Racing Formula E Team;;
2;0;13;1:08.276;0;;17.525;0;30.083;0;20.668;0;110.3;24:58.358;08:39;0:17.525;0:30.083;0:20.668;;Sam BIRD;;;;DS Virgin Racing Formula E Team;;
2;0;14;1:06.311;0;;17.509;0;28.871;0;19.931;0;113.6;26:04.669;08:41;0:17.509;0:28.871;0:19.931;;Sam BIRD;;;;DS Virgin Racing Formula E Team;;
2;0;15;1:13.005;0;B;17.582;0;29.606;0;25.817;0;103.2;27:17.674;08:42;0:17.582;0:29.606;0:25.817;;Sam BIRD;;;;DS Virgin Racing Formula E Team;;
2;0;16;4:51.674;0;;3:55.453;0;33.687;0;22.534;0;25.8;32:09.348;08:47;3:55.453;0:33.687;0:22.534;;Sam BIRD;0:03:48.753;;;DS Virgin Racing Formula E Team;;
2;0;17;1:09.174;0;;17.497;0;31.354;0;20.323;0;108.9;33:18.522;08:48;0:17.497;0:31.354;0:20.323;;Sam BIRD;;;;DS Virgin Racing Formula E Team;;
2;0;18;1:05.994;2;;17.476;0;28.765;0;19.753;2;114.1;34:24.516;08:49;0:17.476;0:28.765;0:19.753;;Sam BIRD;;;;DS Virgin Racing Formula E Team;;
2;0;19;2:09.643;0;B;31.690;0;55.448;0;42.505;0;58.1;36:34.159;08:51;0:31.690;0:55.448;0:42.505;;Sam BIRD;;;;DS Virgin Racing Formula E Team;;
2;0;20;1:56.722;0;;1:06.416;0;30.370;0;19.936;0;64.5;38:30.881;08:53;1:06.416;0:30.370;0:19.936;;Sam BIRD;0:01:00.452;;;DS Virgin Racing Formula E Team;;
2;0;21;1:07.127;0;;17.897;0;28.917;0;20.313;0;112.2;39:38.008;08:54;0:17.897;0:28.917;0:20.313;;Sam BIRD;;;;DS Virgin Racing Formula E Team;;
2;0;22;1:07.514;0;;18.073;0;29.256;0;20.185;0;111.6;40:45.522;08:55;0:18.073;0:29.256;0:20.185;;Sam BIRD;;;;DS Virgin Racing Formula E Team;;
2;0;23;1:07.166;0;;17.974;0;29.088;0;20.104;0;112.1;41:52.688;08:56;0:17.974;0:29.088;0:20.104;;Sam BIRD;;;;DS Virgin Racing Formula E Team;;
2;0;24;1:06.832;0;;18.051;0;28.915;0;19.866;0;112.7;42:59.520;08:57;0:18.051;0:28.915;0:19.866;;Sam BIRD;;;;DS Virgin Racing Formula E Team;;
2;0;25;1:07.132;0;;17.909;0;29.098;0;20.125;0;112.2;44:06.652;08:59;0:17.909;0:29.098;0:20.125;;Sam BIRD;;;;DS Virgin Racing Formula E Team;;
2;0;26;1:06.582;0;;17.744;0;28.903;0;19.935;0;113.1;45:13.234;09:00;0:17.744;0:28.903;0:19.935;;Sam BIRD;;;;DS Virgin Racing Formula E Team;;
21;0;1;1:39.430;0;;45.975;0;32.625;0;20.830;0;75.7;1:39.430;08:16;0:45.975;0:32.625;0:20.830;;Bruno SENNA;0:00:36.112;;;Mahindra Racing Formula E Team;;
21;0;2;1:10.278;0;;18.956;0;30.679;0;20.643;0;107.2;2:49.708;08:17;0:18.956;0:30.679;0:20.643;;Bruno SENNA;;;;Mahindra Racing Formula E Team;;
21;0;3;1:08.706;0;;18.491;0;30.115;0;20.100;0;109.6;3:58.414;08:18;0:18.491;0:30.115;0:20.100;;Bruno SENNA;;;;Mahindra Racing Formula E Team;;
21;0;4;1:07.292;0;;17.945;0;29.445;0;19.902;0;111.9;5:05.706;08:20;0:17.945;0:29.445;0:19.902;;Bruno SENNA;;;;Mahindra Racing Formula E Team;;
21;0;5;1:06.794;0;;17.942;0;29.054;0;19.798;0;112.8;6:12.500;08:21;0:17.942;0:29.054;0:19.798;;Bruno SENNA;;;;Mahindra Racing Formula E Team;;
21;0;6;1:07.681;0;;18.180;0;29.353;0;20.148;0;111.3;7:20.181;08:22;0:18.180;0:29.353;0:20.148;;Bruno SENNA;;;;Mahindra Racing Formula E Team;;
21;0;7;1:08.158;0;;18.469;0;29.417;0;20.272;0;110.5;8:28.339;08:23;0:18.469;0:29.417;0:20.272;;Bruno SENNA;;;;Mahindra Racing Formula E Team;;
21;0;8;1:07.761;0;;18.132;0;29.394;0;20.235;0;111.1;9:36.100;08:24;0:18.132;0:29.394;0:20.235;;Bruno SENNA;;;;Mahindra Racing Formula E Team;;
21;0;9;1:08.140;0;;18.249;0;29.701;0;20.190;0;110.5;10:44.240;08:25;0:18.249;0:29.701;0:20.190;;Bruno SENNA;;;;Mahindra Racing Formula E Team;;
21;0;10;1:08.370;0;;18.385;0;29.750;0;20.235;0;110.2;11:52.610;08:26;0:18.385;0:29.750;0:20.235;;Bruno SENNA;;;;Mahindra Racing Formula E Team;;
21;0;11;1:08.837;0;;18.474;0;29.769;0;20.594;0;109.4;13:01.447;08:28;0:18.474;0:29.769;0:20.594;;Bruno SENNA;;;;Mahindra Racing Formula E Team;;
21;0;12;1:09.034;0;;18.351;0;30.009;0;20.674;0;109.1;14:10.481;08:29;0:18.351;0:30.009;0:20.674;;Bruno SENNA;;;;Mahindra Racing Formula E Team;;
21;0;13;1:08.700;0;;18.729;0;29.671;0;20.300;0;109.6;15:19.181;08:30;0:18.729;0:29.671;0:20.300;;Bruno SENNA;;;;Mahindra Racing Formula E Team;;
21;0;14;1:08.414;0;;18.344;0;29.759;0;20.311;0;110.1;16:27.595;08:31;0:18.344;0:29.759;0:20.311;;Bruno SENNA;;;;Mahindra Racing Formula E Team;;
21;0;15;1:07.847;0;;18.261;0;29.337;0;20.249;0;111.0;17:35.442;08:32;0:18.261;0:29.337;0:20.249;;Bruno SENNA;;;;Mahindra Racing Formula E Team;;
21;0;16;1:13.121;0;B;18.233;0;29.500;0;25.388;0;103.0;18:48.563;08:33;0:18.233;0:29.500;0:25.388;;Bruno SENNA;;;;Mahindra Racing Formula E Team;;
21;0;17;4:48.555;0;;3:58.245;0;30.256;0;20.054;0;26.1;23:37.118;08:38;3:58.245;0:30.256;0:20.054;;Bruno SENNA;0:03:53.219;;;Mahindra Racing Formula E Team;;
21;0;18;1:06.792;0;;17.936;0;28.985;0;19.871;0;112.8;24:43.910;08:39;0:17.936;0:28.985;0:19.871;;Bruno SENNA;;;;Mahindra Racing Formula E Team;;
21;0;19;1:08.408;0;;17.824;0;30.494;0;20.090;0;110.1;25:52.318;08:40;0:17.824;0:30.494;0:20.090;;Bruno SENNA;;;;Mahindra Racing Formula E Team;;
21;0;20;1:09.616;0;B;17.803;0;27.162;3;24.651;0;108.2;27:01.934;08:42;0:17.803;0:27.162;0:24.651;;Bruno SENNA;;;;Mahindra Racing Formula E Team;;
21;0;21;9:10.500;0;B;7:31.563;0;56.476;0;42.461;0;13.7;36:12.434;08:51;7:31.563;0:56.476;0:42.461;;Bruno SENNA;0:07:24.704;;;Mahindra Racing Formula E Team;;
21;0;22;3:09.568;0;;2:19.435;0;30.085;0;20.048;0;39.7;39:22.002;08:54;2:19.435;0:30.085;0:20.048;;Bruno SENNA;0:02:14.559;;;Mahindra Racing Formula E Team;;
21;0;23;1:06.835;0;;18.125;0;28.717;0;19.993;0;112.7;40:28.837;08:55;0:18.125;0:28.717;0:19.993;;Bruno SENNA;;;;Mahindra Racing Formula E Team;;
21;0;24;1:05.817;2;;17.836;0;28.383;0;19.598;2;114.4;41:34.654;08:56;0:17.836;0:28.383;0:19.598;;Bruno SENNA;;;;Mahindra Racing Formula E Team;;
21;0;25;1:06.108;0;;17.756;2;28.607;0;19.745;0;113.9;42:40.762;08:57;0:17.756;0:28.607;0:19.745;;Bruno SENNA;;;;Mahindra Racing Formula E Team;;
21;0;26;1:09.545;0;;17.761;0;29.138;0;22.646;0;108.3;43:50.307;08:58;0:17.761;0:29.138;0:22.646;;Bruno SENNA;;;;Mahindra Racing Formula E Team;;
21;0;27;1:13.913;0;;21.404;0;30.788;0;21.721;0;101.9;45:04.220;09:00;0:21.404;0:30.788;0:21.721;;Bruno SENNA;;;;Mahindra Racing Formula E Team;;
23;0;1;1:52.203;0;;55.018;0;34.683;0;22.502;0;67.1;1:52.203;08:16;0:55.018;0:34.683;0:22.502;;Nick HEIDFELD;0:00:44.048;;;Mahindra Racing Formula E Team;;
23;0;2;1:09.657;0;;19.127;0;30.336;0;20.194;0;108.1;3:01.860;08:18;0:19.127;0:30.336;0:20.194;;Nick HEIDFELD;;;;Mahindra Racing Formula E Team;;
23;0;3;1:08.457;0;;18.659;0;29.739;0;20.059;0;110.0;4:10.317;08:19;0:18.659;0:29.739;0:20.059;;Nick HEIDFELD;;;;Mahindra Racing Formula E Team;;
23;0;4;1:09.096;0;;18.502;0;30.247;0;20.347;0;109.0;5:19.413;08:20;0:18.502;0:30.247;0:20.347;;Nick HEIDFELD;;;;Mahindra Racing Formula E Team;;
23;0;5;1:07.918;0;;18.341;0;29.476;0;20.101;0;110.9;6:27.331;08:21;0:18.341;0:29.476;0:20.101;;Nick HEIDFELD;;;;Mahindra Racing Formula E Team;;
23;0;6;1:07.910;0;;18.321;0;29.495;0;20.094;0;110.9;7:35.241;08:22;0:18.321;0:29.495;0:20.094;;Nick HEIDFELD;;;;Mahindra Racing Formula E Team;;
23;0;7;1:07.814;0;;18.377;0;29.383;0;20.054;0;111.1;8:43.055;08:23;0:18.377;0:29.383;0:20.054;;Nick HEIDFELD;;;;Mahindra Racing Formula E Team;;
23;0;8;1:07.791;0;;18.311;0;29.242;0;20.238;0;111.1;9:50.846;08:24;0:18.311;0:29.242;0:20.238;;Nick HEIDFELD;;;;Mahindra Racing Formula E Team;;
23;0;9;1:07.449;0;;18.266;0;29.113;0;20.070;0;111.7;10:58.295;08:25;0:18.266;0:29.113;0:20.070;;Nick HEIDFELD;;;;Mahindra Racing Formula E Team;;
23;0;10;1:08.503;0;;18.302;0;29.960;0;20.241;0;109.9;12:06.798;08:27;0:18.302;0:29.960;0:20.241;;Nick HEIDFELD;;;;Mahindra Racing Formula E Team;;
23;0;11;1:09.342;0;;18.251;0;30.393;0;20.698;0;108.6;13:16.140;08:28;0:18.251;0:30.393;0:20.698;;Nick HEIDFELD;;;;Mahindra Racing Formula E Team;;
23;0;12;1:16.095;0;;18.975;0;33.041;0;24.079;0;99.0;14:32.235;08:29;0:18.975;0:33.041;0:24.079;;Nick HEIDFELD;;;;Mahindra Racing Formula E Team;;
23;0;13;1:06.654;0;;17.911;0;28.648;0;20.095;0;113.0;15:38.889;08:30;0:17.911;0:28.648;0:20.095;;Nick HEIDFELD;;;;Mahindra Racing Formula E Team;;
23;0;14;1:06.851;0;;18.458;0;28.717;0;19.676;0;112.7;16:45.740;08:31;0:18.458;0:28.717;0:19.676;;Nick HEIDFELD;;;;Mahindra Racing Formula E Team;;
23;0;15;1:17.066;0;B;19.593;0;32.332;0;25.141;0;97.7;18:02.806;08:33;0:19.593;0:32.332;0:25.141;;Nick HEIDFELD;;;;Mahindra Racing Formula E Team;;
23;0;16;10:21.478;0;;9:27.896;0;31.521;0;22.061;0;12.1;28:24.284;08:43;9:27.896;0:31.521;0:22.061;;Nick HEIDFELD;0:09:23.503;;;Mahindra Racing Formula E Team;;
23;0;17;1:08.062;0;;17.807;0;29.808;0;20.447;0;110.7;29:32.346;08:44;0:17.807;0:29.808;0:20.447;;Nick HEIDFELD;;;;Mahindra Racing Formula E Team;;
23;0;18;1:05.274;2;;17.701;0;28.243;2;19.330;2;115.4;30:37.620;08:45;0:17.701;0:28.243;0:19.330;;Nick HEIDFELD;;;;Mahindra Racing Formula E Team;;
23;0;19;1:12.318;0;B;18.708;0;29.359;0;24.251;0;104.1;31:49.938;08:46;0:18.708;0:29.359;0:24.251;;Nick HEIDFELD;;;;Mahindra Racing Formula E Team;;
23;0;20;9:10.535;0;;8:19.740;0;30.144;0;20.651;0;13.7;41:00.473;08:56;8:19.740;0:30.144;0:20.651;;Nick HEIDFELD;0:08:15.055;;;Mahindra Racing Formula E Team;;
23;0;21;1:13.370;0;;17.597;0;32.802;0;22.971;0;102.6;42:13.843;08:57;0:17.597;0:32.802;0:22.971;;Nick HEIDFELD;;;;Mahindra Racing Formula E Team;;
23;0;22;1:07.993;0;;17.694;0;28.353;0;21.946;0;110.8;43:21.836;08:58;0:17.694;0:28.353;0:21.946;;Nick HEIDFELD;;;;Mahindra Racing Formula E Team;;
23;0;23;1:10.339;0;;17.516;2;30.170;0;22.653;0;107.1;44:32.175;08:59;0:17.516;0:30.170;0:22.653;;Nick HEIDFELD;;;;Mahindra Racing Formula E Team;;
23;0;24;1:11.076;0;;17.609;0;31.482;0;21.985;0;106.0;45:43.251;09:00;0:17.609;0:31.482;0:21.985;;Nick HEIDFELD;;;;Mahindra Racing Formula E Team;;
25;0;1;1:36.732;0;;32.346;0;39.311;0;25.075;0;77.9;1:36.732;08:16;0:32.346;0:39.311;0:25.075;;Jean-Eric VERGNE;0:00:19.240;;;DS Virgin Racing Formula E Team;;
25;0;2;1:12.186;0;;20.518;0;31.034;0;20.634;0;104.3;2:48.918;08:17;0:20.518;0:31.034;0:20.634;;Jean-Eric VERGNE;;;;DS Virgin Racing Formula E Team;;
25;0;3;1:07.569;0;;18.316;0;29.318;0;19.935;0;111.5;3:56.487;08:18;0:18.316;0:29.318;0:19.935;;Jean-Eric VERGNE;;;;DS Virgin Racing Formula E Team;;
25;0;4;1:07.837;0;;17.946;0;29.392;0;20.499;0;111.0;5:04.324;08:20;0:17.946;0:29.392;0:20.499;;Jean-Eric VERGNE;;;;DS Virgin Racing Formula E Team;;
25;0;5;1:06.759;0;;17.786;0;29.034;0;19.939;0;112.8;6:11.083;08:21;0:17.786;0:29.034;0:19.939;;Jean-Eric VERGNE;;;;DS Virgin Racing Formula E Team;;
25;0;6;1:08.093;0;;17.737;0;30.044;0;20.312;0;110.6;7:19.176;08:22;0:17.737;0:30.044;0:20.312;;Jean-Eric VERGNE;;;;DS Virgin Racing Formula E Team;;
25;0;7;1:07.260;0;;17.822;0;29.138;0;20.300;0;112.0;8:26.436;08:23;0:17.822;0:29.138;0:20.300;;Jean-Eric VERGNE;;;;DS Virgin Racing Formula E Team;;
25;0;8;1:14.797;0;B;17.648;0;29.223;0;27.926;0;100.7;9:41.233;08:24;0:17.648;0:29.223;0:27.926;;Jean-Eric VERGNE;;;;DS Virgin Racing Formula E Team;;
25;0;9;22:55.821;0;;21:54.192;0;38.571;0;23.058;0;5.5;32:37.054;08:47;21:54.192;0:38.571;0:23.058;;Jean-Eric VERGNE;0:21:45.379;;;DS Virgin Racing Formula E Team;;
25;0;10;1:07.029;0;;17.802;0;29.296;0;19.931;0;112.4;33:44.083;08:48;0:17.802;0:29.296;0:19.931;;Jean-Eric VERGNE;;;;DS Virgin Racing Formula E Team;;
25;0;11;1:28.126;0;B;17.973;0;28.866;0;41.287;0;85.5;35:12.209;08:50;0:17.973;0:28.866;0:41.287;;Jean-Eric VERGNE;;;;DS Virgin Racing Formula E Team;;
25;0;12;3:27.622;0;;2:34.293;0;32.350;0;20.979;0;36.3;38:39.831;08:53;2:34.293;0:32.350;0:20.979;;Jean-Eric VERGNE;0:02:29.451;;;DS Virgin Racing Formula E Team;;
25;0;13;1:06.761;0;;18.150;0;28.873;0;19.738;0;112.8;39:46.592;08:54;0:18.150;0:28.873;0:19.738;;Jean-Eric VERGNE;;;;DS Virgin Racing Formula E Team;;
25;0;14;1:06.726;0;;17.954;0;28.880;0;19.892;0;112.9;40:53.318;08:55;0:17.954;0:28.880;0:19.892;;Jean-Eric VERGNE;;;;DS Virgin Racing Formula E Team;;
25;0;15;1:05.868;0;;17.698;0;28.613;2;19.557;2;114.3;41:59.186;08:56;0:17.698;0:28.613;0:19.557;;Jean-Eric VERGNE;;;;DS Virgin Racing Formula E Team;;
25;0;16;1:06.244;0;;17.612;0;28.625;0;20.007;0;113.7;43:05.430;08:58;0:17.612;0:28.625;0:20.007;;Jean-Eric VERGNE;;;;DS Virgin Racing Formula E Team;;
25;0;17;1:06.323;0;;17.693;0;28.736;0;19.894;0;113.6;44:11.753;08:59;0:17.693;0:28.736;0:19.894;;Jean-Eric VERGNE;;;;DS Virgin Racing Formula E Team;;
25;0;18;1:05.681;2;;17.267;2;28.762;0;19.652;0;114.7;45:17.434;09:00;0:17.267;0:28.762;0:19.652;;Jean-Eric VERGNE;;;;DS Virgin Racing Formula E Team;;
27;0;1;1:44.799;0;;48.701;0;34.427;0;21.671;0;71.9;1:44.799;08:16;0:48.701;0:34.427;0:21.671;;Robin FRIJNS;0:00:38.539;;;Andretti Formula E Race Team;;
27;0;2;1:09.046;0;;18.834;0;29.982;0;20.230;0;109.1;2:53.845;08:17;0:18.834;0:29.982;0:20.230;;Robin FRIJNS;;;;Andretti Formula E Race Team;;
27;0;3;1:07.592;0;;18.321;0;29.316;0;19.955;0;111.4;4:01.437;08:19;0:18.321;0:29.316;0:19.955;;Robin FRIJNS;;;;Andretti Formula E Race Team;;
27;0;4;1:16.178;0;;17.876;0;38.108;0;20.194;0;98.9;5:17.615;08:20;0:17.876;0:38.108;0:20.194;;Robin FRIJNS;;;;Andretti Formula E Race Team;;
27;0;5;1:07.915;0;;17.920;0;30.018;0;19.977;0;110.9;6:25.530;08:21;0:17.920;0:30.018;0:19.977;;Robin FRIJNS;;;;Andretti Formula E Race Team;;
27;0;6;1:06.725;0;;18.046;0;28.841;0;19.838;0;112.9;7:32.255;08:22;0:18.046;0:28.841;0:19.838;;Robin FRIJNS;;;;Andretti Formula E Race Team;;
27;0;7;1:12.849;0;B;17.972;0;29.106;0;25.771;0;103.4;8:45.104;08:23;0:17.972;0:29.106;0:25.771;;Robin FRIJNS;;;;Andretti Formula E Race Team;;
27;0;8;10:30.947;0;;9:41.327;0;29.852;0;19.768;0;11.9;19:16.051;08:34;9:41.327;0:29.852;0:19.768;;Robin FRIJNS;0:09:37.106;;;Andretti Formula E Race Team;;
27;0;9;1:06.051;2;;17.637;2;28.591;2;19.823;0;114.0;20:22.102;08:35;0:17.637;0:28.591;0:19.823;;Robin FRIJNS;;;;Andretti Formula E Race Team;;
27;0;10;1:06.943;0;;18.219;0;28.744;0;19.980;0;112.5;21:29.045;08:36;0:18.219;0:28.744;0:19.980;;Robin FRIJNS;;;;Andretti Formula E Race Team;;
27;0;11;1:07.390;0;;17.968;0;29.304;0;20.118;0;111.8;22:36.435;08:37;0:17.968;0:29.304;0:20.118;;Robin FRIJNS;;;;Andretti Formula E Race Team;;
27;0;12;1:08.213;0;;18.105;0;29.996;0;20.112;0;110.4;23:44.648;08:38;0:18.105;0:29.996;0:20.112;;Robin FRIJNS;;;;Andretti Formula E Race Team;;
27;0;13;1:12.840;0;B;17.784;0;29.573;0;25.483;0;103.4;24:57.488;08:39;0:17.784;0:29.573;0:25.483;;Robin FRIJNS;;;;Andretti Formula E Race Team;;
27;0;14;10:50.883;0;B;9:24.450;0;41.877;0;44.556;0;11.6;35:48.371;08:50;9:24.450;0:41.877;0:44.556;;Robin FRIJNS;0:09:19.447;;;Andretti Formula E Race Team;;
27;0;15;4:06.767;0;;3:15.932;0;30.570;0;20.265;0;30.5;39:55.138;08:54;3:15.932;0:30.570;0:20.265;;Robin FRIJNS;0:03:11.534;;;Andretti Formula E Race Team;;
27;0;16;1:07.967;0;;18.003;0;30.146;0;19.818;0;110.8;41:03.105;08:56;0:18.003;0:30.146;0:19.818;;Robin FRIJNS;;;;Andretti Formula E Race Team;;
27;0;17;1:06.473;0;;17.786;0;28.937;0;19.750;2;113.3;42:09.578;08:57;0:17.786;0:28.937;0:19.750;;Robin FRIJNS;;;;Andretti Formula E Race Team;;
27;0;18;1:06.336;0;;17.743;0;28.754;0;19.839;0;113.5;43:15.914;08:58;0:17.743;0:28.754;0:19.839;;Robin FRIJNS;;;;Andretti Formula E Race Team;;
27;0;19;1:07.190;0;;17.770;0;29.449;0;19.971;0;112.1;44:23.104;08:59;0:17.770;0:29.449;0:19.971;;Robin FRIJNS;;;;Andretti Formula E Race Team;;
27;0;20;1:07.176;0;;17.925;0;29.412;0;19.839;0;112.1;45:30.280;09:00;0:17.925;0:29.412;0:19.839;;Robin FRIJNS;;;;Andretti Formula E Race Team;;
28;0;1;1:56.076;0;;56.330;0;35.972;0;23.774;0;64.9;1:56.076;08:16;0:56.330;0:35.972;0:23.774;;Simona DE SILVESTRO;0:00:46.011;;;Andretti Formula E Race Team;;
28;0;2;1:08.874;0;;18.627;0;29.855;0;20.392;0;109.3;3:04.950;08:18;0:18.627;0:29.855;0:20.392;;Simona DE SILVESTRO;;;;Andretti Formula E Race Team;;
28;0;3;1:07.812;0;;18.131;0;29.699;0;19.982;0;111.1;4:12.762;08:19;0:18.131;0:29.699;0:19.982;;Simona DE SILVESTRO;;;;Andretti Formula E Race Team;;
28;0;4;1:08.382;0;;17.920;0;28.909;0;21.553;0;110.1;5:21.144;08:20;0:17.920;0:28.909;0:21.553;;Simona DE SILVESTRO;;;;Andretti Formula E Race Team;;
28;0;5;1:07.023;0;;18.345;0;28.828;0;19.850;0;112.4;6:28.167;08:21;0:18.345;0:28.828;0:19.850;;Simona DE SILVESTRO;;;;Andretti Formula E Race Team;;
28;0;6;1:09.796;0;;20.885;0;29.033;0;19.878;0;107.9;7:37.963;08:22;0:20.885;0:29.033;0:19.878;;Simona DE SILVESTRO;;;;Andretti Formula E Race Team;;
28;0;7;1:07.323;0;;17.662;2;29.715;0;19.946;0;111.9;8:45.286;08:23;0:17.662;0:29.715;0:19.946;;Simona DE SILVESTRO;;;;Andretti Formula E Race Team;;
28;0;8;1:06.289;2;;17.785;0;28.668;2;19.836;0;113.6;9:51.575;08:24;0:17.785;0:28.668;0:19.836;;Simona DE SILVESTRO;;;;Andretti Formula E Race Team;;
28;0;9;1:12.560;0;B;18.190;0;29.607;0;24.763;0;103.8;11:04.135;08:26;0:18.190;0:29.607;0:24.763;;Simona DE SILVESTRO;;;;Andretti Formula E Race Team;;
28;0;10;8:07.068;0;;7:14.040;0;33.045;0;19.983;0;15.5;19:11.203;08:34;7:14.040;0:33.045;0:19.983;;Simona DE SILVESTRO;0:07:08.448;;;Andretti Formula E Race Team;;
28;0;11;1:08.748;0;;18.105;0;29.423;0;21.220;0;109.5;20:19.951;08:35;0:18.105;0:29.423;0:21.220;;Simona DE SILVESTRO;;;;Andretti Formula E Race Team;;
28;0;12;1:08.468;0;;18.553;0;29.431;0;20.484;0;110.0;21:28.419;08:36;0:18.553;0:29.431;0:20.484;;Simona DE SILVESTRO;;;;Andretti Formula E Race Team;;
28;0;13;1:07.409;0;;18.256;0;29.048;0;20.105;0;111.7;22:35.828;08:37;0:18.256;0:29.048;0:20.105;;Simona DE SILVESTRO;;;;Andretti Formula E Race Team;;
28;0;14;1:12.647;0;;18.285;0;34.169;0;20.193;0;103.7;23:48.475;08:38;0:18.285;0:34.169;0:20.193;;Simona DE SILVESTRO;;;;Andretti Formula E Race Team;;
28;0;15;1:07.131;0;;18.132;0;28.981;0;20.018;0;112.2;24:55.606;08:39;0:18.132;0:28.981;0:20.018;;Simona DE SILVESTRO;;;;Andretti Formula E Race Team;;
28;0;16;1:07.734;0;;18.214;0;29.243;0;20.277;0;111.2;26:03.340;08:41;0:18.214;0:29.243;0:20.277;;Simona DE SILVESTRO;;;;Andretti Formula E Race Team;;
28;0;17;1:07.445;0;;18.032;0;29.283;0;20.130;0;111.7;27:10.785;08:42;0:18.032;0:29.283;0:20.130;;Simona DE SILVESTRO;;;;Andretti Formula E Race Team;;
28;0;18;1:07.199;0;;18.574;0;29.343;0;19.282;2;112.1;28:17.984;08:43;0:18.574;0:29.343;0:19.282;;Simona DE SILVESTRO;;;;Andretti Formula E Race Team;;
28;0;19;1:08.429;0;;18.395;0;29.443;0;20.591;0;110.1;29:26.413;08:44;0:18.395;0:29.443;0:20.591;;Simona DE SILVESTRO;;;;Andretti Formula E Race Team;;
28;0;20;1:07.921;0;;18.352;0;29.362;0;20.207;0;110.9;30:34.334;08:45;0:18.352;0:29.362;0:20.207;;Simona DE SILVESTRO;;;;Andretti Formula E Race Team;;
28;0;21;1:07.902;0;;18.442;0;29.170;0;20.290;0;110.9;31:42.236;08:46;0:18.442;0:29.170;0:20.290;;Simona DE SILVESTRO;;;;Andretti Formula E Race Team;;
4;0;1;2:12.198;0;;1:17.847;0;33.340;0;21.011;0;57.0;2:12.198;08:17;1:17.847;0:33.340;0:21.011;;Stéphane SARRAZIN;0:01:06.744;;;Venturi Formula E Team;;
4;0;2;1:09.115;0;;18.752;0;30.378;0;19.985;0;109.0;3:21.313;08:18;0:18.752;0:30.378;0:19.985;;Stéphane SARRAZIN;;;;Venturi Formula E Team;;
4;0;3;1:08.050;0;;18.239;0;29.965;0;19.846;0;110.7;4:29.363;08:19;0:18.239;0:29.965;0:19.846;;Stéphane SARRAZIN;;;;Venturi Formula E Team;;
4;0;4;1:07.351;0;;18.123;0;29.418;0;19.810;0;111.8;5:36.714;08:20;0:18.123;0:29.418;0:19.810;;Stéphane SARRAZIN;;;;Venturi Formula E Team;;
4;0;5;1:06.900;0;;18.037;0;29.130;0;19.733;0;112.6;6:43.614;08:21;0:18.037;0:29.130;0:19.733;;Stéphane SARRAZIN;;;;Venturi Formula E Team;;
4;0;6;1:06.921;0;;17.854;0;29.171;0;19.896;0;112.5;7:50.535;08:22;0:17.854;0:29.171;0:19.896;;Stéphane SARRAZIN;;;;Venturi Formula E Team;;
4;0;7;1:06.622;0;;17.801;0;29.026;0;19.795;0;113.0;8:57.157;08:23;0:17.801;0:29.026;0:19.795;;Stéphane SARRAZIN;;;;Venturi Formula E Team;;
4;0;8;1:12.854;0;B;17.831;0;29.736;0;25.287;0;103.4;10:10.011;08:25;0:17.831;0:29.736;0:25.287;;Stéphane SARRAZIN;;;;Venturi Formula E Team;;
4;0;9;5:16.726;0;;4:24.902;0;31.852;0;19.972;0;23.8;15:26.737;08:30;4:24.902;0:31.852;0:19.972;;Stéphane SARRAZIN;0:04:16.979;;;Venturi Formula E Team;;
4;0;10;1:06.304;0;;17.850;0;28.762;0;19.692;0;113.6;16:33.041;08:31;0:17.850;0:28.762;0:19.692;;Stéphane SARRAZIN;;;;Venturi Formula E Team;;
4;0;11;1:07.853;0;;17.847;0;30.025;0;19.981;0;111.0;17:40.894;08:32;0:17.847;0:30.025;0:19.981;;Stéphane SARRAZIN;;;;Venturi Formula E Team;;
4;0;12;1:07.636;0;;17.709;0;29.621;0;20.306;0;111.3;18:48.530;08:33;0:17.709;0:29.621;0:20.306;;Stéphane SARRAZIN;;;;Venturi Formula E Team;;
4;0;13;1:06.413;0;;17.644;0;29.048;0;19.721;0;113.4;19:54.943;08:34;0:17.644;0:29.048;0:19.721;;Stéphane SARRAZIN;;;;Venturi Formula E Team;;
4;0;14;1:07.033;0;;17.571;0;29.222;0;20.240;0;112.4;21:01.976;08:36;0:17.571;0:29.222;0:20.240;;Stéphane SARRAZIN;;;;Venturi Formula E Team;;
4;0;15;1:11.619;0;B;17.715;0;28.840;0;25.064;0;105.2;22:13.595;08:37;0:17.715;0:28.840;0:25.064;;Stéphane SARRAZIN;;;;Venturi Formula E Team;;
4;0;16;4:10.625;0;;3:20.980;0;29.912;0;19.733;0;30.0;26:24.220;08:41;3:20.980;0:29.912;0:19.733;;Stéphane SARRAZIN;0:03:15.983;;;Venturi Formula E Team;;
4;0;17;1:06.238;0;;17.906;0;28.690;0;19.642;0;113.7;27:30.458;08:42;0:17.906;0:28.690;0:19.642;;Stéphane SARRAZIN;;;;Venturi Formula E Team;;
4;0;18;1:06.012;0;;17.678;0;28.808;0;19.526;0;114.1;28:36.470;08:43;0:17.678;0:28.808;0:19.526;;Stéphane SARRAZIN;;;;Venturi Formula E Team;;
4;0;19;1:06.336;0;;17.764;0;28.749;0;19.823;0;113.5;29:42.806;08:44;0:17.764;0:28.749;0:19.823;;Stéphane SARRAZIN;;;;Venturi Formula E Team;;
4;0;20;1:05.835;0;;17.593;0;28.601;0;19.641;0;114.4;30:48.641;08:45;0:17.593;0:28.601;0:19.641;;Stéphane SARRAZIN;;;;Venturi Formula E Team;;
4;0;21;1:06.840;0;;17.669;0;29.289;0;19.882;0;112.7;31:55.481;08:46;0:17.669;0:29.289;0:19.882;;Stéphane SARRAZIN;;;;Venturi Formula E Team;;
4;0;22;1:06.914;0;;17.643;0;29.313;0;19.958;0;112.6;33:02.395;08:48;0:17.643;0:29.313;0:19.958;;Stéphane SARRAZIN;;;;Venturi Formula E Team;;
4;0;23;1:11.633;0;B;17.674;0;29.555;0;24.404;0;105.1;34:14.028;08:49;0:17.674;0:29.555;0:24.404;;Stéphane SARRAZIN;;;;Venturi Formula E Team;;
4;0;24;4:37.160;0;;3:47.277;0;30.142;0;19.741;0;27.2;38:51.188;08:53;3:47.277;0:30.142;0:19.741;;Stéphane SARRAZIN;0:03:42.428;;;Venturi Formula E Team;;
4;0;25;1:05.675;0;;17.652;0;28.479;0;19.544;0;114.7;39:56.863;08:54;0:17.652;0:28.479;0:19.544;;Stéphane SARRAZIN;;;;Venturi Formula E Team;;
4;0;26;1:05.273;2;;17.476;2;28.387;2;19.410;2;115.4;41:02.136;08:56;0:17.476;0:28.387;0:19.410;;Stéphane SARRAZIN;;;;Venturi Formula E Team;;
4;0;27;1:06.427;0;;17.546;0;28.712;0;20.169;0;113.4;42:08.563;08:57;0:17.546;0:28.712;0:20.169;;Stéphane SARRAZIN;;;;Venturi Formula E Team;;
4;0;28;1:06.686;0;;17.608;0;28.968;0;20.110;0;112.9;43:15.249;08:58;0:17.608;0:28.968;0:20.110;;Stéphane SARRAZIN;;;;Venturi Formula E Team;;
4;0;29;1:07.316;0;;17.869;0;29.382;0;20.065;0;111.9;44:22.565;08:59;0:17.869;0:29.382;0:20.065;;Stéphane SARRAZIN;;;;Venturi Formula E Team;;
4;0;30;1:07.123;0;;17.915;0;29.126;0;20.082;0;112.2;45:29.688;09:00;0:17.915;0:29.126;0:20.082;;Stéphane SARRAZIN;;;;Venturi Formula E Team;;
55;0;1;14:45.296;0;;13:52.371;0;31.883;0;21.042;0;8.5;14:45.296;08:29;13:52.371;0:31.883;0:21.042;;Antonio Felix DA COSTA;0:13:41.419;;;Team Aguri;;
55;0;2;1:07.605;0;;18.507;0;29.098;0;20.000;0;111.4;15:52.901;08:30;0:18.507;0:29.098;0:20.000;;Antonio Felix DA COSTA;;;;Team Aguri;;
55;0;3;1:07.427;0;;18.721;0;29.014;0;19.692;0;111.7;17:00.328;08:32;0:18.721;0:29.014;0:19.692;;Antonio Felix DA COSTA;;;;Team Aguri;;
55;0;4;1:06.086;0;;17.977;0;28.488;0;19.621;0;114.0;18:06.414;08:33;0:17.977;0:28.488;0:19.621;;Antonio Felix DA COSTA;;;;Team Aguri;;
55;0;5;1:06.373;0;;17.845;0;28.829;0;19.699;0;113.5;19:12.787;08:34;0:17.845;0:28.829;0:19.699;;Antonio Felix DA COSTA;;;;Team Aguri;;
55;0;6;1:06.280;0;;17.773;0;28.626;0;19.881;0;113.6;20:19.067;08:35;0:17.773;0:28.626;0:19.881;;Antonio Felix DA COSTA;;;;Team Aguri;;
55;0;7;1:07.858;0;;17.910;0;29.312;0;20.636;0;111.0;21:26.925;08:36;0:17.910;0:29.312;0:20.636;;Antonio Felix DA COSTA;;;;Team Aguri;;
55;0;8;1:08.368;0;;18.769;0;29.278;0;20.321;0;110.2;22:35.293;08:37;0:18.769;0:29.278;0:20.321;;Antonio Felix DA COSTA;;;;Team Aguri;;
55;0;9;1:08.041;0;;18.457;0;29.294;0;20.290;0;110.7;23:43.334;08:38;0:18.457;0:29.294;0:20.290;;Antonio Felix DA COSTA;;;;Team Aguri;;
55;0;10;1:07.365;0;;18.310;0;28.950;0;20.105;0;111.8;24:50.699;08:39;0:18.310;0:28.950;0:20.105;;Antonio Felix DA COSTA;;;;Team Aguri;;
55;0;11;1:12.700;0;B;17.922;0;30.263;0;24.515;0;103.6;26:03.399;08:41;0:17.922;0:30.263;0:24.515;;Antonio Felix DA COSTA;;;;Team Aguri;;
55;0;12;14:38.832;0;;13:48.675;0;30.440;0;19.717;0;8.6;40:42.231;08:55;13:48.675;0:30.440;0:19.717;;Antonio Felix DA COSTA;0:13:43.304;;;Team Aguri;;
55;0;13;1:06.413;0;;17.589;0;29.096;0;19.728;0;113.4;41:48.644;08:56;0:17.589;0:29.096;0:19.728;;Antonio Felix DA COSTA;;;;Team Aguri;;
55;0;14;1:05.465;2;;17.520;2;28.448;2;19.497;2;115.0;42:54.109;08:57;0:17.520;0:28.448;0:19.497;;Antonio Felix DA COSTA;;;;Team Aguri;;
55;0;15;1:08.360;0;;18.421;0;29.290;0;20.649;0;110.2;44:02.469;08:59;0:18.421;0:29.290;0:20.649;;Antonio Felix DA COSTA;;;;Team Aguri;;
55;0;16;1:07.996;0;;19.003;0;29.055;0;19.938;0;110.8;45:10.465;09:00;0:19.003;0:29.055;0:19.938;;Antonio Felix DA COSTA;;;;Team Aguri;;
6;0;1;1:33.954;0;;38.766;0;33.620;0;21.568;0;80.2;1:33.954;08:16;0:38.766;0:33.620;0:21.568;;Loïc DUVAL;0:00:27.187;;;Dragon Racing;;
6;0;2;1:09.211;0;;18.867;0;30.267;0;20.077;0;108.8;2:43.165;08:17;0:18.867;0:30.267;0:20.077;;Loïc DUVAL;;;;Dragon Racing;;
6;0;3;1:09.137;0;;18.359;0;30.109;0;20.669;0;108.9;3:52.302;08:18;0:18.359;0:30.109;0:20.669;;Loïc DUVAL;;;;Dragon Racing;;
6;0;4;1:08.678;0;;18.103;0;29.245;0;21.330;0;109.7;5:00.980;08:20;0:18.103;0:29.245;0:21.330;;Loïc DUVAL;;;;Dragon Racing;;
6;0;5;1:07.381;0;;18.171;0;29.171;0;20.039;0;111.8;6:08.361;08:21;0:18.171;0:29.171;0:20.039;;Loïc DUVAL;;;;Dragon Racing;;
6;0;6;1:13.825;0;B;17.854;0;30.890;0;25.081;0;102.0;7:22.186;08:22;0:17.854;0:30.890;0:25.081;;Loïc DUVAL;;;;Dragon Racing;;
6;0;7;5:45.716;0;;4:55.528;0;30.304;0;19.884;0;21.8;13:07.902;08:28;4:55.528;0:30.304;0:19.884;;Loïc DUVAL;0:04:50.499;;;Dragon Racing;;
6;0;8;1:06.653;0;;18.001;0;28.821;0;19.831;0;113.0;14:14.555;08:29;0:18.001;0:28.821;0:19.831;;Loïc DUVAL;;;;Dragon Racing;;
6;0;9;1:08.509;0;;19.595;0;29.141;0;19.773;0;109.9;15:23.064;08:30;0:19.595;0:29.141;0:19.773;;Loïc DUVAL;;;;Dragon Racing;;
6;0;10;1:06.320;0;;17.826;0;28.813;0;19.681;0;113.6;16:29.384;08:31;0:17.826;0:28.813;0:19.681;;Loïc DUVAL;;;;Dragon Racing;;
6;0;11;1:08.229;0;;17.686;0;29.448;0;21.095;0;110.4;17:37.613;08:32;0:17.686;0:29.448;0:21.095;;Loïc DUVAL;;;;Dragon Racing;;
6;0;12;1:06.436;0;;17.706;0;28.892;0;19.838;0;113.4;18:44.049;08:33;0:17.706;0:28.892;0:19.838;;Loïc DUVAL;;;;Dragon Racing;;
6;0;13;1:07.081;0;;17.680;0;29.403;0;19.998;0;112.3;19:51.130;08:34;0:17.680;0:29.403;0:19.998;;Loïc DUVAL;;;;Dragon Racing;;
6;0;14;1:07.110;0;;18.001;0;29.283;0;19.826;0;112.2;20:58.240;08:35;0:18.001;0:29.283;0:19.826;;Loïc DUVAL;;;;Dragon Racing;;
6;0;15;1:07.077;0;;17.861;0;29.246;0;19.970;0;112.3;22:05.317;08:37;0:17.861;0:29.246;0:19.970;;Loïc DUVAL;;;;Dragon Racing;;
6;0;16;1:06.424;0;;17.876;0;28.727;0;19.821;0;113.4;23:11.741;08:38;0:17.876;0:28.727;0:19.821;;Loïc DUVAL;;;;Dragon Racing;;
6;0;17;1:06.844;0;;17.858;0;28.830;0;20.156;0;112.7;24:18.585;08:39;0:17.858;0:28.830;0:20.156;;Loïc DUVAL;;;;Dragon Racing;;
6;0;18;1:06.928;0;;17.855;0;29.243;0;19.830;0;112.5;25:25.513;08:40;0:17.855;0:29.243;0:19.830;;Loïc DUVAL;;;;Dragon Racing;;
6;0;19;1:06.475;0;;17.994;0;28.783;0;19.698;0;113.3;26:31.988;08:41;0:17.994;0:28.783;0:19.698;;Loïc DUVAL;;;;Dragon Racing;;
6;0;20;1:11.087;0;;17.768;0;32.586;0;20.733;0;105.9;27:43.075;08:42;0:17.768;0:32.586;0:20.733;;Loïc DUVAL;;;;Dragon Racing;;
6;0;21;1:05.767;0;;17.463;0;28.604;0;19.700;0;114.5;28:48.842;08:43;0:17.463;0:28.604;0:19.700;;Loïc DUVAL;;;;Dragon Racing;;
6;0;22;1:09.129;0;;20.711;0;28.739;0;19.679;0;108.9;29:57.971;08:44;0:20.711;0:28.739;0:19.679;;Loïc DUVAL;;;;Dragon Racing;;
6;0;23;1:10.855;0;B;17.464;0;28.699;0;24.692;0;106.3;31:08.826;08:46;0:17.464;0:28.699;0:24.692;;Loïc DUVAL;;;;Dragon Racing;;
6;0;24;10:14.675;0;;9:25.500;0;29.514;0;19.661;0;12.3;41:23.501;08:56;9:25.500;0:29.514;0:19.661;;Loïc DUVAL;0:09:20.262;;;Dragon Racing;;
6;0;25;1:08.566;0;;17.605;0;29.527;0;21.434;0;109.8;42:32.067;08:57;0:17.605;0:29.527;0:21.434;;Loïc DUVAL;;;;Dragon Racing;;
6;0;26;1:04.362;2;;16.944;2;28.201;2;19.217;2;117.0;43:36.429;08:58;0:16.944;0:28.201;0:19.217;;Loïc DUVAL;;;;Dragon Racing;;
6;0;27;1:06.551;0;;18.071;0;28.884;0;19.596;0;113.2;44:42.980;08:59;0:18.071;0:28.884;0:19.596;;Loïc DUVAL;;;;Dragon Racing;;
6;0;28;1:06.880;0;;17.595;0;29.461;0;19.824;0;112.6;45:49.860;09:00;0:17.595;0:29.461;0:19.824;;Loïc DUVAL;;;;Dragon Racing;;
66;0;1;1:22.603;0;;27.997;0;33.744;0;20.862;0;91.2;1:22.603;08:16;0:27.997;0:33.744;0:20.862;;Daniel ABT;0:00:16.955;;;ABT Schaeffler Audi Sport;;
66;0;2;1:08.783;0;;18.786;0;29.937;0;20.060;0;109.5;2:31.386;08:17;0:18.786;0:29.937;0:20.060;;Daniel ABT;;;;ABT Schaeffler Audi Sport;;
66;0;3;1:08.087;0;;18.389;0;29.814;0;19.884;0;110.6;3:39.473;08:18;0:18.389;0:29.814;0:19.884;;Daniel ABT;;;;ABT Schaeffler Audi Sport;;
66;0;4;1:07.283;0;;18.074;0;29.461;0;19.748;0;111.9;4:46.756;08:19;0:18.074;0:29.461;0:19.748;;Daniel ABT;;;;ABT Schaeffler Audi Sport;;
66;0;5;1:06.843;0;;18.028;0;29.020;0;19.795;0;112.7;5:53.599;08:20;0:18.028;0:29.020;0:19.795;;Daniel ABT;;;;ABT Schaeffler Audi Sport;;
66;0;6;1:08.626;0;;17.858;0;28.901;0;21.867;0;109.7;7:02.225;08:22;0:17.858;0:28.901;0:21.867;;Daniel ABT;;;;ABT Schaeffler Audi Sport;;
66;0;7;1:07.159;0;;18.546;0;28.860;0;19.753;0;112.1;8:09.384;08:23;0:18.546;0:28.860;0:19.753;;Daniel ABT;;;;ABT Schaeffler Audi Sport;;
66;0;8;1:06.774;0;;18.008;0;28.874;0;19.892;0;112.8;9:16.158;08:24;0:18.008;0:28.874;0:19.892;;Daniel ABT;;;;ABT Schaeffler Audi Sport;;
66;0;9;1:06.444;0;;17.930;0;28.924;0;19.590;0;113.3;10:22.602;08:25;0:17.930;0:28.924;0:19.590;;Daniel ABT;;;;ABT Schaeffler Audi Sport;;
66;0;10;1:06.187;0;;17.785;0;28.779;0;19.623;0;113.8;11:28.789;08:26;0:17.785;0:28.779;0:19.623;;Daniel ABT;;;;ABT Schaeffler Audi Sport;;
66;0;11;1:06.938;0;;17.746;0;28.973;0;20.219;0;112.5;12:35.727;08:27;0:17.746;0:28.973;0:20.219;;Daniel ABT;;;;ABT Schaeffler Audi Sport;;
66;0;12;1:07.040;0;;18.155;0;28.979;0;19.906;0;112.3;13:42.767;08:28;0:18.155;0:28.979;0:19.906;;Daniel ABT;;;;ABT Schaeffler Audi Sport;;
66;0;13;1:16.079;0;B;19.869;0;30.896;0;25.314;0;99.0;14:58.846;08:29;0:19.869;0:30.896;0:25.314;;Daniel ABT;;;;ABT Schaeffler Audi Sport;;
66;0;14;8:00.363;0;;7:07.673;0;31.027;0;21.663;0;15.7;22:59.209;08:37;7:07.673;0:31.027;0:21.663;;Daniel ABT;0:07:02.098;;;ABT Schaeffler Audi Sport;;
66;0;15;1:08.144;0;;18.761;0;29.297;0;20.086;0;110.5;24:07.353;08:39;0:18.761;0:29.297;0:20.086;;Daniel ABT;;;;ABT Schaeffler Audi Sport;;
66;0;16;1:07.591;0;;18.764;0;29.066;0;19.761;0;111.4;25:14.944;08:40;0:18.764;0:29.066;0:19.761;;Daniel ABT;;;;ABT Schaeffler Audi Sport;;
66;0;17;1:07.793;0;;18.617;0;29.363;0;19.813;0;111.1;26:22.737;08:41;0:18.617;0:29.363;0:19.813;;Daniel ABT;;;;ABT Schaeffler Audi Sport;;
66;0;18;1:08.679;0;;18.362;0;29.282;0;21.035;0;109.7;27:31.416;08:42;0:18.362;0:29.282;0:21.035;;Daniel ABT;;;;ABT Schaeffler Audi Sport;;
66;0;19;1:07.469;0;;18.460;0;29.087;0;19.922;0;111.6;28:38.885;08:43;0:18.460;0:29.087;0:19.922;;Daniel ABT;;;;ABT Schaeffler Audi Sport;;
66;0;20;1:05.733;0;;17.624;0;28.526;0;19.583;0;114.6;29:44.618;08:44;0:17.624;0:28.526;0:19.583;;Daniel ABT;;;;ABT Schaeffler Audi Sport;;
66;0;21;1:05.188;2;;17.461;0;28.385;2;19.342;2;115.5;30:49.806;08:45;0:17.461;0:28.385;0:19.342;;Daniel ABT;;;;ABT Schaeffler Audi Sport;;
66;0;22;1:10.885;0;;17.622;0;31.362;0;21.901;0;106.2;32:00.691;08:47;0:17.622;0:31.362;0:21.901;;Daniel ABT;;;;ABT Schaeffler Audi Sport;;
66;0;23;1:08.999;0;;17.453;2;31.634;0;19.912;0;109.1;33:09.690;08:48;0:17.453;0:31.634;0:19.912;;Daniel ABT;;;;ABT Schaeffler Audi Sport;;
66;0;24;1:06.816;0;;17.473;0;29.802;0;19.541;0;112.7;34:16.506;08:49;0:17.473;0:29.802;0:19.541;;Daniel ABT;;;;ABT Schaeffler Audi Sport;;
66;0;25;1:58.862;0;B;20.044;0;54.959;0;43.859;0;63.4;36:15.368;08:51;0:20.044;0:54.959;0:43.859;;Daniel ABT;;;;ABT Schaeffler Audi Sport;;
66;0;26;9:07.773;0;;8:16.924;0;30.784;0;20.065;0;13.7;45:23.141;09:00;8:16.924;0:30.784;0:20.065;;Daniel ABT;0:08:10.669;;;ABT Schaeffler Audi Sport;;
7;0;1;1:24.466;0;;26.997;0;36.211;0;21.258;0;89.2;1:24.466;08:16;0:26.997;0:36.211;0:21.258;;Jérôme D'AMBROSIO;0:00:15.026;;;Dragon Racing;;
7;0;2;1:11.790;0;;19.603;0;31.548;0;20.639;0;104.9;2:36.256;08:17;0:19.603;0:31.548;0:20.639;;Jérôme D'AMBROSIO;;;;Dragon Racing;;
7;0;3;1:09.838;0;;18.778;0;30.689;0;20.371;0;107.8;3:46.094;08:18;0:18.778;0:30.689;0:20.371;;Jérôme D'AMBROSIO;;;;Dragon Racing;;
7;0;4;1:08.051;0;;18.317;0;29.853;0;19.881;0;110.7;4:54.145;08:19;0:18.317;0:29.853;0:19.881;;Jérôme D'AMBROSIO;;;;Dragon Racing;;
7;0;5;1:06.795;0;;17.979;0;29.005;0;19.811;0;112.8;6:00.940;08:21;0:17.979;0:29.005;0:19.811;;Jérôme D'AMBROSIO;;;;Dragon Racing;;
7;0;6;1:12.363;0;B;17.935;0;29.620;0;24.808;0;104.1;7:13.303;08:22;0:17.935;0:29.620;0:24.808;;Jérôme D'AMBROSIO;;;;Dragon Racing;;
7;0;7;4:35.315;0;;3:43.372;0;31.394;0;20.549;0;27.4;11:48.618;08:26;3:43.372;0:31.394;0:20.549;;Jérôme D'AMBROSIO;0:03:37.077;;;Dragon Racing;;
7;0;8;1:07.608;0;;18.236;0;29.353;0;20.019;0;111.4;12:56.226;08:27;0:18.236;0:29.353;0:20.019;;Jérôme D'AMBROSIO;;;;Dragon Racing;;
7;0;9;1:06.988;0;;18.382;0;29.172;0;19.434;0;112.4;14:03.214;08:29;0:18.382;0:29.172;0:19.434;;Jérôme D'AMBROSIO;;;;Dragon Racing;;
7;0;10;1:07.224;0;;18.032;0;29.190;0;20.002;0;112.0;15:10.438;08:30;0:18.032;0:29.190;0:20.002;;Jérôme D'AMBROSIO;;;;Dragon Racing;;
7;0;11;1:07.184;0;;18.224;0;29.163;0;19.797;0;112.1;16:17.622;08:31;0:18.224;0:29.163;0:19.797;;Jérôme D'AMBROSIO;;;;Dragon Racing;;
7;0;12;1:06.237;0;;17.801;0;28.747;0;19.689;0;113.7;17:23.859;08:32;0:17.801;0:28.747;0:19.689;;Jérôme D'AMBROSIO;;;;Dragon Racing;;
7;0;13;1:08.488;0;;17.873;0;30.537;0;20.078;0;110.0;18:32.347;08:33;0:17.873;0:30.537;0:20.078;;Jérôme D'AMBROSIO;;;;Dragon Racing;;
7;0;14;1:06.187;0;;17.719;0;28.806;0;19.662;0;113.8;19:38.534;08:34;0:17.719;0:28.806;0:19.662;;Jérôme D'AMBROSIO;;;;Dragon Racing;;
7;0;15;1:06.134;0;;17.593;0;28.811;0;19.730;0;113.9;20:44.668;08:35;0:17.593;0:28.811;0:19.730;;Jérôme D'AMBROSIO;;;;Dragon Racing;;
7;0;16;1:12.706;0;;19.335;0;33.119;0;20.252;0;103.6;21:57.374;08:36;0:19.335;0:33.119;0:20.252;;Jérôme D'AMBROSIO;;;;Dragon Racing;;
7;0;17;1:06.103;0;;17.711;0;28.718;0;19.674;0;113.9;23:03.477;08:38;0:17.711;0:28.718;0:19.674;;Jérôme D'AMBROSIO;;;;Dragon Racing;;
7;0;18;1:14.857;0;B;18.542;0;30.768;0;25.547;0;100.6;24:18.334;08:39;0:18.542;0:30.768;0:25.547;;Jérôme D'AMBROSIO;;;;Dragon Racing;;
7;0;19;6:26.317;0;;5:32.584;0;33.702;0;20.031;0;19.5;30:44.651;08:45;5:32.584;0:33.702;0:20.031;;Jérôme D'AMBROSIO;0:05:26.296;;;Dragon Racing;;
7;0;20;1:05.431;0;;17.669;0;28.318;2;19.444;0;115.1;31:50.082;08:46;0:17.669;0:28.318;0:19.444;;Jérôme D'AMBROSIO;;;;Dragon Racing;;
7;0;21;1:07.861;0;;17.516;0;30.715;0;19.630;0;111.0;32:57.943;08:47;0:17.516;0:30.715;0:19.630;;Jérôme D'AMBROSIO;;;;Dragon Racing;;
7;0;22;1:07.440;0;;17.531;0;29.795;0;20.114;0;111.7;34:05.383;08:49;0:17.531;0:29.795;0:20.114;;Jérôme D'AMBROSIO;;;;Dragon Racing;;
7;0;23;1:51.769;0;B;18.233;0;51.721;0;41.815;0;67.4;35:57.152;08:50;0:18.233;0:51.721;0:41.815;;Jérôme D'AMBROSIO;;;;Dragon Racing;;
7;0;24;2:32.174;0;;1:42.547;0;29.901;0;19.726;0;49.5;38:29.326;08:53;1:42.547;0:29.901;0:19.726;;Jérôme D'AMBROSIO;0:01:36.171;;;Dragon Racing;;
7;0;25;1:07.783;0;;17.556;0;30.133;0;20.094;0;111.1;39:37.109;08:54;0:17.556;0:30.133;0:20.094;;Jérôme D'AMBROSIO;;;;Dragon Racing;;
7;0;26;1:07.570;0;;17.403;0;28.625;0;21.542;0;111.5;40:44.679;08:55;0:17.403;0:28.625;0:21.542;;Jérôme D'AMBROSIO;;;;Dragon Racing;;
7;0;27;1:05.915;0;;17.229;2;28.595;0;20.091;0;114.3;41:50.594;08:56;0:17.229;0:28.595;0:20.091;;Jérôme D'AMBROSIO;;;;Dragon Racing;;
7;0;28;1:11.482;0;B;17.577;0;28.550;0;25.355;0;105.4;43:02.076;08:58;0:17.577;0:28.550;0:25.355;;Jérôme D'AMBROSIO;;;;Dragon Racing;;
7;0;29;1:56.837;0;;1:09.135;0;29.046;0;18.656;2;64.5;44:58.913;08:59;1:09.135;0:29.046;0:18.656;;Jérôme D'AMBROSIO;0:01:04.035;;;Dragon Racing;;
7;0;30;1:05.257;2;;17.335;0;28.368;0;19.554;0;115.4;46:04.170;09:01;0:17.335;0:28.368;0:19.554;;Jérôme D'AMBROSIO;;;;Dragon Racing;;
77;0;1;1:40.780;0;;47.652;0;32.356;0;20.772;0;74.7;1:40.780;08:16;0:47.652;0:32.356;0:20.772;;Salvador DURAN;0:00:37.351;;;Team Aguri;;
77;0;2;1:10.070;0;;18.876;0;30.899;0;20.295;0;107.5;2:50.850;08:17;0:18.876;0:30.899;0:20.295;;Salvador DURAN;;;;Team Aguri;;
77;0;3;1:08.282;0;;18.500;0;30.004;0;19.778;0;110.3;3:59.132;08:18;0:18.500;0:30.004;0:19.778;;Salvador DURAN;;;;Team Aguri;;
77;0;4;1:10.255;0;;18.119;0;30.350;0;21.786;0;107.2;5:09.387;08:20;0:18.119;0:30.350;0:21.786;;Salvador DURAN;;;;Team Aguri;;
77;0;5;1:13.390;0;;20.820;0;32.370;0;20.200;0;102.6;6:22.777;08:21;0:20.820;0:32.370;0:20.200;;Salvador DURAN;;;;Team Aguri;;
77;0;6;1:07.117;0;;17.924;0;29.449;0;19.744;0;112.2;7:29.894;08:22;0:17.924;0:29.449;0:19.744;;Salvador DURAN;;;;Team Aguri;;
77;0;7;1:06.583;0;;17.767;0;29.127;0;19.689;0;113.1;8:36.477;08:23;0:17.767;0:29.127;0:19.689;;Salvador DURAN;;;;Team Aguri;;
77;0;8;1:14.196;0;B;17.896;0;29.419;0;26.881;0;101.5;9:50.673;08:24;0:17.896;0:29.419;0:26.881;;Salvador DURAN;;;;Team Aguri;;
77;0;9;4:39.184;0;;3:45.259;0;33.461;0;20.464;0;27.0;14:29.857;08:29;3:45.259;0:33.461;0:20.464;;Salvador DURAN;0:03:38.879;;;Team Aguri;;
77;0;10;1:12.945;0;;19.329;0;33.468;0;20.148;0;103.2;15:42.802;08:30;0:19.329;0:33.468;0:20.148;;Salvador DURAN;;;;Team Aguri;;
77;0;11;1:08.048;0;;18.144;0;29.441;0;20.463;0;110.7;16:50.850;08:31;0:18.144;0:29.441;0:20.463;;Salvador DURAN;;;;Team Aguri;;
77;0;12;1:08.150;0;;18.508;0;29.698;0;19.944;0;110.5;17:59.000;08:32;0:18.508;0:29.698;0:19.944;;Salvador DURAN;;;;Team Aguri;;
77;0;13;1:08.362;0;;18.634;0;29.942;0;19.786;0;110.2;19:07.362;08:34;0:18.634;0:29.942;0:19.786;;Salvador DURAN;;;;Team Aguri;;
77;0;14;1:07.510;0;;18.138;0;29.298;0;20.074;0;111.6;20:14.872;08:35;0:18.138;0:29.298;0:20.074;;Salvador DURAN;;;;Team Aguri;;
77;0;15;1:19.326;0;B;18.698;0;32.373;0;28.255;0;94.9;21:34.198;08:36;0:18.698;0:32.373;0:28.255;;Salvador DURAN;;;;Team Aguri;;
77;0;16;4:41.916;0;;3:51.061;0;30.763;0;20.092;0;26.7;26:16.114;08:41;3:51.061;0:30.763;0:20.092;;Salvador DURAN;0:03:45.109;;;Team Aguri;;
77;0;17;1:07.907;0;;18.234;0;29.672;0;20.001;0;110.9;27:24.021;08:42;0:18.234;0:29.672;0:20.001;;Salvador DURAN;;;;Team Aguri;;
77;0;18;1:07.217;0;;18.022;0;29.111;0;20.084;0;112.0;28:31.238;08:43;0:18.022;0:29.111;0:20.084;;Salvador DURAN;;;;Team Aguri;;
77;0;19;1:06.797;0;;18.009;0;28.953;0;19.835;0;112.7;29:38.035;08:44;0:18.009;0:28.953;0:19.835;;Salvador DURAN;;;;Team Aguri;;
77;0;20;1:07.269;0;;18.011;0;29.252;0;20.006;0;112.0;30:45.304;08:45;0:18.011;0:29.252;0:20.006;;Salvador DURAN;;;;Team Aguri;;
77;0;21;1:06.893;0;;17.801;0;29.246;0;19.846;0;112.6;31:52.197;08:46;0:17.801;0:29.246;0:19.846;;Salvador DURAN;;;;Team Aguri;;
77;0;22;1:06.361;0;;17.861;0;28.739;0;19.761;0;113.5;32:58.558;08:47;0:17.861;0:28.739;0:19.761;;Salvador DURAN;;;;Team Aguri;;
77;0;23;1:09.838;0;;17.868;0;31.776;0;20.194;0;107.8;34:08.396;08:49;0:17.868;0:31.776;0:20.194;;Salvador DURAN;;;;Team Aguri;;
77;0;24;1:40.855;0;B;17.945;0;38.414;0;44.496;0;74.7;35:49.251;08:50;0:17.945;0:38.414;0:44.496;;Salvador DURAN;;;;Team Aguri;;
77;0;25;2:46.677;0;;1:56.967;0;29.451;0;20.259;0;45.2;38:35.928;08:53;1:56.967;0:29.451;0:20.259;;Salvador DURAN;0:01:51.497;;;Team Aguri;;
77;0;26;1:06.204;0;;17.903;0;28.757;0;19.544;2;113.8;39:42.132;08:54;0:17.903;0:28.757;0:19.544;;Salvador DURAN;;;;Team Aguri;;
77;0;27;1:07.704;0;;17.722;0;30.078;0;19.904;0;111.2;40:49.836;08:55;0:17.722;0:30.078;0:19.904;;Salvador DURAN;;;;Team Aguri;;
77;0;28;1:06.668;0;;17.778;0;29.183;0;19.707;0;113.0;41:56.504;08:56;0:17.778;0:29.183;0:19.707;;Salvador DURAN;;;;Team Aguri;;
77;0;29;1:11.701;0;;21.301;0;30.405;0;19.995;0;105.0;43:08.205;08:58;0:21.301;0:30.405;0:19.995;;Salvador DURAN;;;;Team Aguri;;
77;0;30;1:05.944;2;;17.664;0;28.690;2;19.590;0;114.2;44:14.149;08:59;0:17.664;0:28.690;0:19.590;;Salvador DURAN;;;;Team Aguri;;
77;0;31;1:06.126;0;;17.605;2;28.828;0;19.693;0;113.9;45:20.275;09:00;0:17.605;0:28.828;0:19.693;;Salvador DURAN;;;;Team Aguri;;
8;0;1;1:14.367;0;;20.760;0;32.573;0;21.034;0;101.3;1:14.367;08:16;0:20.760;0:32.573;0:21.034;;Nicolas PROST;0:00:10.825;;;Renault e.Dams;;
8;0;2;1:10.823;0;;19.523;0;31.031;0;20.269;0;106.3;2:25.190;08:17;0:19.523;0:31.031;0:20.269;;Nicolas PROST;;;;Renault e.Dams;;
8;0;3;1:08.162;0;;18.701;0;29.629;0;19.832;0;110.5;3:33.352;08:18;0:18.701;0:29.629;0:19.832;;Nicolas PROST;;;;Renault e.Dams;;
8;0;4;1:06.650;0;;17.939;0;28.942;0;19.769;0;113.0;4:40.002;08:19;0:17.939;0:28.942;0:19.769;;Nicolas PROST;;;;Renault e.Dams;;
8;0;5;1:06.626;0;;17.823;0;29.033;0;19.770;0;113.0;5:46.628;08:20;0:17.823;0:29.033;0:19.770;;Nicolas PROST;;;;Renault e.Dams;;
8;0;6;1:10.933;0;B;17.787;0;28.718;0;24.428;0;106.2;6:57.561;08:21;0:17.787;0:28.718;0:24.428;;Nicolas PROST;;;;Renault e.Dams;;
8;0;7;4:36.403;0;;3:46.017;0;30.236;0;20.150;0;27.2;11:33.964;08:26;3:46.017;0:30.236;0:20.150;;Nicolas PROST;0:03:40.597;;;Renault e.Dams;;
8;0;8;1:06.128;0;;17.828;0;28.611;0;19.689;0;113.9;12:40.092;08:27;0:17.828;0:28.611;0:19.689;;Nicolas PROST;;;;Renault e.Dams;;
8;0;9;1:06.059;0;;17.565;0;28.806;0;19.688;0;114.0;13:46.151;08:28;0:17.565;0:28.806;0:19.688;;Nicolas PROST;;;;Renault e.Dams;;
8;0;10;1:08.355;0;;18.039;0;30.106;0;20.210;0;110.2;14:54.506;08:29;0:18.039;0:30.106;0:20.210;;Nicolas PROST;;;;Renault e.Dams;;
8;0;11;1:06.271;0;;18.248;0;29.552;0;18.471;3;113.6;16:00.777;08:31;0:18.248;0:29.552;0:18.471;;Nicolas PROST;;;;Renault e.Dams;;
8;0;12;1:07.921;0;;18.350;0;29.619;0;19.952;0;110.9;17:08.698;08:32;0:18.350;0:29.619;0:19.952;;Nicolas PROST;;;;Renault e.Dams;;
8;0;13;1:07.914;0;;18.045;0;29.395;0;20.474;0;110.9;18:16.612;08:33;0:18.045;0:29.395;0:20.474;;Nicolas PROST;;;;Renault e.Dams;;
8;0;14;1:06.914;0;;18.213;0;28.879;0;19.822;0;112.6;19:23.526;08:34;0:18.213;0:28.879;0:19.822;;Nicolas PROST;;;;Renault e.Dams;;
8;0;15;1:06.941;0;;18.052;0;29.118;0;19.771;0;112.5;20:30.467;08:35;0:18.052;0:29.118;0:19.771;;Nicolas PROST;;;;Renault e.Dams;;
8;0;16;1:11.192;0;B;17.868;0;28.891;0;24.433;0;105.8;21:41.659;08:36;0:17.868;0:28.891;0:24.433;;Nicolas PROST;;;;Renault e.Dams;;
8;0;17;5:40.107;0;;4:50.847;0;29.594;0;19.666;0;22.1;27:21.766;08:42;4:50.847;0:29.594;0:19.666;;Nicolas PROST;0:04:41.468;;;Renault e.Dams;;
8;0;18;1:05.149;2;;17.383;0;28.238;2;19.528;0;115.6;28:26.915;08:43;0:17.383;0:28.238;0:19.528;;Nicolas PROST;;;;Renault e.Dams;;
8;0;19;1:07.698;0;;17.471;0;30.242;0;19.985;0;111.2;29:34.613;08:44;0:17.471;0:30.242;0:19.985;;Nicolas PROST;;;;Renault e.Dams;;
8;0;20;1:05.848;0;;17.473;0;28.889;0;19.486;0;114.4;30:40.461;08:45;0:17.473;0:28.889;0:19.486;;Nicolas PROST;;;;Renault e.Dams;;
8;0;21;1:11.386;0;B;17.330;0;29.018;0;25.038;0;105.5;31:51.847;08:46;0:17.330;0:29.018;0:25.038;;Nicolas PROST;;;;Renault e.Dams;;
8;0;22;6:33.517;0;;5:38.385;0;33.785;0;21.347;0;19.1;38:25.364;08:53;5:38.385;0:33.785;0:21.347;;Nicolas PROST;0:05:32.484;;;Renault e.Dams;;
8;0;23;1:10.621;0;;19.150;0;30.630;0;20.841;0;106.6;39:35.985;08:54;0:19.150;0:30.630;0:20.841;;Nicolas PROST;;;;Renault e.Dams;;
8;0;24;1:05.175;0;;17.296;0;28.533;0;19.346;0;115.6;40:41.160;08:55;0:17.296;0:28.533;0:19.346;;Nicolas PROST;;;;Renault e.Dams;;
8;0;25;1:05.305;0;;17.303;0;28.477;0;19.525;0;115.3;41:46.465;08:56;0:17.303;0:28.477;0:19.525;;Nicolas PROST;;;;Renault e.Dams;;
8;0;26;1:05.560;0;;17.174;2;28.753;0;19.633;0;114.9;42:52.025;08:57;0:17.174;0:28.753;0:19.633;;Nicolas PROST;;;;Renault e.Dams;;
8;0;27;1:05.177;0;;17.286;0;28.315;0;19.576;0;115.5;43:57.202;08:58;0:17.286;0:28.315;0:19.576;;Nicolas PROST;;;;Renault e.Dams;;
8;0;28;1:05.609;0;;17.249;0;28.587;0;19.773;0;114.8;45:02.811;09:00;0:17.249;0:28.587;0:19.773;;Nicolas PROST;;;;Renault e.Dams;;
88;0;1;2:07.057;0;;1:11.896;0;33.530;0;21.631;0;59.3;2:07.057;08:17;1:11.896;0:33.530;0:21.631;;Oliver TURVEY;0:01:01.338;;;NEXTEV TCR Formula E Team;;
88;0;2;1:10.425;0;;19.641;0;30.562;0;20.222;0;106.9;3:17.482;08:18;0:19.641;0:30.562;0:20.222;;Oliver TURVEY;;;;NEXTEV TCR Formula E Team;;
88;0;3;1:08.102;0;;18.675;0;29.337;0;20.090;0;110.6;4:25.584;08:19;0:18.675;0:29.337;0:20.090;;Oliver TURVEY;;;;NEXTEV TCR Formula E Team;;
88;0;4;1:08.378;0;;18.524;0;29.838;0;20.016;0;110.1;5:33.962;08:20;0:18.524;0:29.838;0:20.016;;Oliver TURVEY;;;;NEXTEV TCR Formula E Team;;
88;0;5;1:07.592;0;;18.479;0;29.055;0;20.058;0;111.4;6:41.554;08:21;0:18.479;0:29.055;0:20.058;;Oliver TURVEY;;;;NEXTEV TCR Formula E Team;;
88;0;6;1:07.404;0;;18.247;0;29.290;0;19.867;0;111.7;7:48.958;08:22;0:18.247;0:29.290;0:19.867;;Oliver TURVEY;;;;NEXTEV TCR Formula E Team;;
88;0;7;1:07.409;0;;18.190;0;29.162;0;20.057;0;111.7;8:56.367;08:23;0:18.190;0:29.162;0:20.057;;Oliver TURVEY;;;;NEXTEV TCR Formula E Team;;
88;0;8;1:07.482;0;;18.033;0;29.339;0;20.110;0;111.6;10:03.849;08:25;0:18.033;0:29.339;0:20.110;;Oliver TURVEY;;;;NEXTEV TCR Formula E Team;;
88;0;9;1:07.551;0;;18.184;0;29.351;0;20.016;0;111.5;11:11.400;08:26;0:18.184;0:29.351;0:20.016;;Oliver TURVEY;;;;NEXTEV TCR Formula E Team;;
88;0;10;1:07.089;0;;18.077;0;29.095;0;19.917;0;112.3;12:18.489;08:27;0:18.077;0:29.095;0:19.917;;Oliver TURVEY;;;;NEXTEV TCR Formula E Team;;
88;0;11;1:07.270;0;;17.950;0;29.177;0;20.143;0;112.0;13:25.759;08:28;0:17.950;0:29.177;0:20.143;;Oliver TURVEY;;;;NEXTEV TCR Formula E Team;;
88;0;12;1:07.104;0;;18.051;0;29.024;0;20.029;0;112.2;14:32.863;08:29;0:18.051;0:29.024;0:20.029;;Oliver TURVEY;;;;NEXTEV TCR Formula E Team;;
88;0;13;1:09.096;0;;18.225;0;30.663;0;20.208;0;109.0;15:41.959;08:30;0:18.225;0:30.663;0:20.208;;Oliver TURVEY;;;;NEXTEV TCR Formula E Team;;
88;0;14;1:11.083;0;;18.030;0;32.070;0;20.983;0;105.9;16:53.042;08:31;0:18.030;0:32.070;0:20.983;;Oliver TURVEY;;;;NEXTEV TCR Formula E Team;;
88;0;15;1:07.930;0;;18.135;0;29.524;0;20.271;0;110.9;18:00.972;08:33;0:18.135;0:29.524;0:20.271;;Oliver TURVEY;;;;NEXTEV TCR Formula E Team;;
88;0;16;1:13.854;0;B;18.457;0;30.366;0;25.031;0;102.0;19:14.826;08:34;0:18.457;0:30.366;0:25.031;;Oliver TURVEY;;;;NEXTEV TCR Formula E Team;;
88;0;17;7:34.841;0;;6:40.176;0;31.833;0;22.832;0;16.6;26:49.667;08:41;6:40.176;0:31.833;0:22.832;;Oliver TURVEY;0:06:34.040;;;NEXTEV TCR Formula E Team;;
88;0;18;1:10.422;0;;18.364;0;31.588;0;20.470;0;106.9;28:00.089;08:43;0:18.364;0:31.588;0:20.470;;Oliver TURVEY;;;;NEXTEV TCR Formula E Team;;
88;0;19;1:05.067;2;;17.320;2;28.466;2;19.281;2;115.7;29:05.156;08:44;0:17.320;0:28.466;0:19.281;;Oliver TURVEY;;;;NEXTEV TCR Formula E Team;;
88;0;20;1:11.827;0;;19.194;0;32.120;0;20.513;0;104.9;30:16.983;08:45;0:19.194;0:32.120;0:20.513;;Oliver TURVEY;;;;NEXTEV TCR Formula E Team;;
88;0;21;1:07.228;0;;18.134;0;29.005;0;20.089;0;112.0;31:24.211;08:46;0:18.134;0:29.005;0:20.089;;Oliver TURVEY;;;;NEXTEV TCR Formula E Team;;
88;0;22;1:07.469;0;;18.172;0;29.306;0;19.991;0;111.6;32:31.680;08:47;0:18.172;0:29.306;0:19.991;;Oliver TURVEY;;;;NEXTEV TCR Formula E Team;;
88;0;23;1:07.979;0;;18.370;0;29.554;0;20.055;0;110.8;33:39.659;08:48;0:18.370;0:29.554;0:20.055;;Oliver TURVEY;;;;NEXTEV TCR Formula E Team;;
88;0;24;1:26.837;0;B;18.310;0;29.611;0;38.916;0;86.7;35:06.496;08:50;0:18.310;0:29.611;0:38.916;;Oliver TURVEY;;;;NEXTEV TCR Formula E Team;;
88;0;25;5:02.452;0;;4:10.924;0;31.308;0;20.220;0;24.9;40:08.948;08:55;4:10.924;0:31.308;0:20.220;;Oliver TURVEY;0:04:04.426;;;NEXTEV TCR Formula E Team;;
88;0;26;1:07.459;0;;18.342;0;29.273;0;19.844;0;111.6;41:16.407;08:56;0:18.342;0:29.273;0:19.844;;Oliver TURVEY;;;;NEXTEV TCR Formula E Team;;
88;0;27;1:07.921;0;;18.382;0;29.461;0;20.078;0;110.9;42:24.328;08:57;0:18.382;0:29.461;0:20.078;;Oliver TURVEY;;;;NEXTEV TCR Formula E Team;;
88;0;28;1:07.537;0;;18.315;0;29.287;0;19.935;0;111.5;43:31.865;08:58;0:18.315;0:29.287;0:19.935;;Oliver TURVEY;;;;NEXTEV TCR Formula E Team;;
88;0;29;1:09.953;0;;18.471;0;31.354;0;20.128;0;107.7;44:41.818;08:59;0:18.471;0:31.354;0:20.128;;Oliver TURVEY;;;;NEXTEV TCR Formula E Team;;
88;0;30;1:09.188;0;;18.413;0;30.716;0;20.059;0;108.9;45:51.006;09:00;0:18.413;0:30.716;0:20.059;;Oliver TURVEY;;;;NEXTEV TCR Formula E Team;;
9;0;1;1:18.220;0;;22.278;0;34.084;0;21.858;0;96.3;1:18.220;08:16;0:22.278;0:34.084;0:21.858;;Sébastien BUEMI;0:00:11.362;;;Renault e.Dams;;
9;0;2;1:11.636;0;;19.149;0;31.929;0;20.558;0;105.1;2:29.856;08:17;0:19.149;0:31.929;0:20.558;;Sébastien BUEMI;;;;Renault e.Dams;;
9;0;3;1:06.562;0;;17.841;0;28.847;0;19.874;0;113.1;3:36.418;08:18;0:17.841;0:28.847;0:19.874;;Sébastien BUEMI;;;;Renault e.Dams;;
9;0;4;1:06.086;0;;17.644;0;28.689;0;19.753;0;114.0;4:42.504;08:19;0:17.644;0:28.689;0:19.753;;Sébastien BUEMI;;;;Renault e.Dams;;
9;0;5;1:05.935;0;;17.430;0;28.727;0;19.778;0;114.2;5:48.439;08:20;0:17.430;0:28.727;0:19.778;;Sébastien BUEMI;;;;Renault e.Dams;;
9;0;6;1:11.109;0;B;17.575;0;28.830;0;24.704;0;105.9;6:59.548;08:21;0:17.575;0:28.830;0:24.704;;Sébastien BUEMI;;;;Renault e.Dams;;
9;0;7;5:04.157;0;;4:11.868;0;31.524;0;20.765;0;24.8;12:03.705;08:27;4:11.868;0:31.524;0:20.765;;Sébastien BUEMI;0:04:06.198;;;Renault e.Dams;;
9;0;8;1:07.000;0;;17.994;0;29.219;0;19.787;0;112.4;13:10.705;08:28;0:17.994;0:29.219;0:19.787;;Sébastien BUEMI;;;;Renault e.Dams;;
9;0;9;1:06.608;0;;17.976;0;28.984;0;19.648;0;113.1;14:17.313;08:29;0:17.976;0:28.984;0:19.648;;Sébastien BUEMI;;;;Renault e.Dams;;
9;0;10;1:06.842;0;;17.819;0;29.203;0;19.820;0;112.7;15:24.155;08:30;0:17.819;0:29.203;0:19.820;;Sébastien BUEMI;;;;Renault e.Dams;;
9;0;11;1:06.686;0;;17.914;0;29.077;0;19.695;0;112.9;16:30.841;08:31;0:17.914;0:29.077;0:19.695;;Sébastien BUEMI;;;;Renault e.Dams;;
9;0;12;1:07.246;0;;17.953;0;29.095;0;20.198;0;112.0;17:38.087;08:32;0:17.953;0:29.095;0:20.198;;Sébastien BUEMI;;;;Renault e.Dams;;
9;0;13;1:09.414;0;;19.727;0;29.852;0;19.835;0;108.5;18:47.501;08:33;0:19.727;0:29.852;0:19.835;;Sébastien BUEMI;;;;Renault e.Dams;;
9;0;14;1:06.630;0;;17.858;0;29.035;0;19.737;0;113.0;19:54.131;08:34;0:17.858;0:29.035;0:19.737;;Sébastien BUEMI;;;;Renault e.Dams;;
9;0;15;1:11.842;0;B;17.836;0;29.223;0;24.783;0;104.8;21:05.973;08:36;0:17.836;0:29.223;0:24.783;;Sébastien BUEMI;;;;Renault e.Dams;;
9;0;16;4:35.402;0;;3:44.845;0;30.455;0;20.102;0;27.3;25:41.375;08:40;3:44.845;0:30.455;0:20.102;;Sébastien BUEMI;0:03:39.924;;;Renault e.Dams;;
9;0;17;1:06.810;0;;17.982;0;29.046;0;19.782;0;112.7;26:48.185;08:41;0:17.982;0:29.046;0:19.782;;Sébastien BUEMI;;;;Renault e.Dams;;
9;0;18;1:07.934;0;;18.577;0;29.562;0;19.795;0;110.9;27:56.119;08:42;0:18.577;0:29.562;0:19.795;;Sébastien BUEMI;;;;Renault e.Dams;;
9;0;19;1:06.486;0;;17.834;0;28.887;0;19.765;0;113.3;29:02.605;08:44;0:17.834;0:28.887;0:19.765;;Sébastien BUEMI;;;;Renault e.Dams;;
9;0;20;1:06.707;0;;17.996;0;28.832;0;19.879;0;112.9;30:09.312;08:45;0:17.996;0:28.832;0:19.879;;Sébastien BUEMI;;;;Renault e.Dams;;
9;0;21;1:12.917;0;;18.459;0;32.848;0;21.610;0;103.3;31:22.229;08:46;0:18.459;0:32.848;0:21.610;;Sébastien BUEMI;;;;Renault e.Dams;;
9;0;22;1:12.401;0;B;17.285;0;28.921;0;26.195;0;104.0;32:34.630;08:47;0:17.285;0:28.921;0:26.195;;Sébastien BUEMI;;;;Renault e.Dams;;
9;0;23;5:48.802;0;;4:53.957;0;33.199;0;21.646;0;21.6;38:23.432;08:53;4:53.957;0:33.199;0:21.646;;Sébastien BUEMI;0:04:48.179;;;Renault e.Dams;;
9;0;24;1:10.984;0;;19.530;0;31.404;0;20.050;0;106.1;39:34.416;08:54;0:19.530;0:31.404;0:20.050;;Sébastien BUEMI;;;;Renault e.Dams;;
9;0;25;1:03.995;3;;16.830;3;28.047;2;19.118;2;117.7;40:38.411;08:55;0:16.830;0:28.047;0:19.118;;Sébastien BUEMI;;;;Renault e.Dams;;
9;0;26;1:13.319;0;;18.813;0;31.213;0;23.293;0;102.7;41:51.730;08:56;0:18.813;0:31.213;0:23.293;;Sébastien BUEMI;;;;Renault e.Dams;;
9;0;27;1:06.593;0;;17.984;0;28.899;0;19.710;0;113.1;42:58.323;08:57;0:17.984;0:28.899;0:19.710;;Sébastien BUEMI;;;;Renault e.Dams;;
9;0;28;1:06.690;0;;18.029;0;28.919;0;19.742;0;112.9;44:05.013;08:59;0:18.029;0:28.919;0:19.742;;Sébastien BUEMI;;;;Renault e.Dams;;
9;0;29;1:06.659;0;;18.020;0;28.890;0;19.749;0;113.0;45:11.672;09:00;0:18.020;0:28.890;0:19.749;;Sébastien BUEMI;;;;Renault e.Dams;;
